image_id,NOSE_x,NOSE_y,NOSE_z,NOSE_vis,LEFT_EYE_INNER_x,LEFT_EYE_INNER_y,LEFT_EYE_INNER_z,LEFT_EYE_INNER_vis,LEFT_EYE_x,LEFT_EYE_y,LEFT_EYE_z,LEFT_EYE_vis,LEFT_EYE_OUTER_x,LEFT_EYE_OUTER_y,LEFT_EYE_OUTER_z,LEFT_EYE_OUTER_vis,RIGHT_EYE_INNER_x,RIGHT_EYE_INNER_y,RIGHT_EYE_INNER_z,RIGHT_EYE_INNER_vis,RIGHT_EYE_x,RIGHT_EYE_y,RIGHT_EYE_z,RIGHT_EYE_vis,RIGHT_EYE_OUTER_x,RIGHT_EYE_OUTER_y,RIGHT_EYE_OUTER_z,RIGHT_EYE_OUTER_vis,LEFT_EAR_x,LEFT_EAR_y,LEFT_EAR_z,LEFT_EAR_vis,RIGHT_EAR_x,RIGHT_EAR_y,RIGHT_EAR_z,RIGHT_EAR_vis,MOUTH_LEFT_x,MOUTH_LEFT_y,MOUTH_LEFT_z,MOUTH_LEFT_vis,MOUTH_RIGHT_x,MOUTH_RIGHT_y,MOUTH_RIGHT_z,MOUTH_RIGHT_vis,LEFT_SHOULDER_x,LEFT_SHOULDER_y,LEFT_SHOULDER_z,LEFT_SHOULDER_vis,RIGHT_SHOULDER_x,RIGHT_SHOULDER_y,RIGHT_SHOULDER_z,RIGHT_SHOULDER_vis,LEFT_ELBOW_x,LEFT_ELBOW_y,LEFT_ELBOW_z,LEFT_ELBOW_vis,RIGHT_ELBOW_x,RIGHT_ELBOW_y,RIGHT_ELBOW_z,RIGHT_ELBOW_vis,LEFT_WRIST_x,LEFT_WRIST_y,LEFT_WRIST_z,LEFT_WRIST_vis,RIGHT_WRIST_x,RIGHT_WRIST_y,RIGHT_WRIST_z,RIGHT_WRIST_vis,LEFT_PINKY_x,LEFT_PINKY_y,LEFT_PINKY_z,LEFT_PINKY_vis,RIGHT_PINKY_x,RIGHT_PINKY_y,RIGHT_PINKY_z,RIGHT_PINKY_vis,LEFT_INDEX_x,LEFT_INDEX_y,LEFT_INDEX_z,LEFT_INDEX_vis,RIGHT_INDEX_x,RIGHT_INDEX_y,RIGHT_INDEX_z,RIGHT_INDEX_vis,LEFT_THUMB_x,LEFT_THUMB_y,LEFT_THUMB_z,LEFT_THUMB_vis,RIGHT_THUMB_x,RIGHT_THUMB_y,RIGHT_THUMB_z,RIGHT_THUMB_vis,LEFT_HIP_x,LEFT_HIP_y,LEFT_HIP_z,LEFT_HIP_vis,RIGHT_HIP_x,RIGHT_HIP_y,RIGHT_HIP_z,RIGHT_HIP_vis,LEFT_KNEE_x,LEFT_KNEE_y,LEFT_KNEE_z,LEFT_KNEE_vis,RIGHT_KNEE_x,RIGHT_KNEE_y,RIGHT_KNEE_z,RIGHT_KNEE_vis,LEFT_ANKLE_x,LEFT_ANKLE_y,LEFT_ANKLE_z,LEFT_ANKLE_vis,RIGHT_ANKLE_x,RIGHT_ANKLE_y,RIGHT_ANKLE_z,RIGHT_ANKLE_vis,LEFT_HEEL_x,LEFT_HEEL_y,LEFT_HEEL_z,LEFT_HEEL_vis,RIGHT_HEEL_x,RIGHT_HEEL_y,RIGHT_HEEL_z,RIGHT_HEEL_vis,LEFT_FOOT_INDEX_x,LEFT_FOOT_INDEX_y,LEFT_FOOT_INDEX_z,LEFT_FOOT_INDEX_vis,RIGHT_FOOT_INDEX_x,RIGHT_FOOT_INDEX_y,RIGHT_FOOT_INDEX_z,RIGHT_FOOT_INDEX_vis
sukhasana_y107_0001,0.386361,0.165326,-0.12575,0.9998,0.396848,0.134584,-0.101668,0.9994,0.407963,0.134913,-0.100453,0.9993,0.419885,0.135185,-0.100774,0.9994,0.354769,0.135037,-0.10744,0.9994,0.3335,0.135524,-0.108246,0.9993,0.313494,0.135752,-0.107519,0.9993,0.422114,0.151759,0.009226,0.9995,0.270426,0.153236,-0.032011,0.9994,0.404922,0.200466,-0.089136,0.9998,0.355255,0.200423,-0.097815,0.9998,0.541202,0.362375,0.022836,0.9998,0.15014,0.379491,-0.031267,0.9995,0.639255,0.59744,0.000402,0.9263,0.114713,0.616996,-0.044891,0.9196,0.856823,0.738113,-0.145131,0.8968,0.024774,0.790005,-0.191304,0.8991,0.927821,0.768018,-0.161357,0.8887,-0.014718,0.82757,-0.206142,0.9041,0.942605,0.762503,-0.200084,0.9005,-0.013219,0.82482,-0.232344,0.9174,0.91507,0.755311,-0.16014,0.8988,0.010494,0.817935,-0.204168,0.9208,0.523224,0.784136,0.016663,0.9997,0.268976,0.806298,-0.014972,0.9995,0.959208,0.841705,-0.213753,0.9841,0.015038,0.893908,-0.293157,0.9904,0.460413,0.921683,-0.050375,0.7272,0.501877,0.938654,-0.122416,0.8185,0.437618,0.8828,-0.026995,0.5827,0.53076,0.896365,-0.096039,0.7372,0.305885,0.940251,-0.064532,0.6933,0.765927,0.939578,-0.130342,0.7948
sukhasana_y107_0002,0.555985,0.108035,-0.172892,0.9984,0.557997,0.081987,-0.148895,0.9963,0.564683,0.081172,-0.147563,0.9967,0.570582,0.079823,-0.148146,0.9971,0.529029,0.085662,-0.155065,0.9949,0.516144,0.088731,-0.156127,0.994,0.504656,0.091629,-0.155,0.9936,0.573934,0.099259,-0.040195,0.9981,0.482003,0.119565,-0.079984,0.9924,0.572427,0.148657,-0.137897,0.9992,0.538245,0.151386,-0.146274,0.9988,0.659953,0.345051,-0.043009,0.9996,0.388434,0.371562,-0.080149,0.9968,0.769059,0.591402,-0.084009,0.9644,0.277466,0.617497,-0.097136,0.9424,0.909527,0.794816,-0.19765,0.9407,0.118262,0.806953,-0.207972,0.8659,0.959556,0.820795,-0.204799,0.9191,0.067571,0.843639,-0.203474,0.8602,0.96004,0.823236,-0.244994,0.9288,0.069731,0.848904,-0.239798,0.8806,0.939518,0.817535,-0.211592,0.9376,0.086857,0.83725,-0.223786,0.8975,0.609739,0.840614,0.005101,0.9994,0.438845,0.842862,-0.003726,0.9975,0.86591,0.885978,-0.240411,0.9908,0.152547,0.881569,-0.255721,0.975,0.53743,0.944596,-0.079544,0.7654,0.495801,0.963752,-0.089878,0.7584,0.514283,0.903039,-0.055339,0.6062,0.527974,0.916944,-0.064309,0.5775,0.408307,0.921525,-0.089167,0.7211,0.642535,0.967249,-0.096339,0.7177
sukhasana_y107_0003,0.504305,0.170931,-0.177103,0.9998,0.509319,0.136926,-0.15451,0.9993,0.517746,0.135492,-0.153249,0.9992,0.525529,0.133865,-0.153658,0.9992,0.47607,0.138695,-0.162225,0.9994,0.459395,0.138528,-0.163176,0.9994,0.441008,0.138486,-0.162465,0.9995,0.513485,0.143861,-0.043221,0.9993,0.400517,0.150992,-0.093662,0.9996,0.514725,0.201939,-0.139923,0.9997,0.476676,0.204892,-0.151069,0.9998,0.607711,0.354883,-0.018946,0.9994,0.271528,0.362397,-0.103022,0.9997,0.690212,0.59596,-0.03638,0.9052,0.203044,0.609967,-0.12395,0.9795,0.9085,0.74336,-0.168704,0.8208,0.174442,0.815671,-0.234124,0.94,0.96148,0.786354,-0.178371,0.8073,0.140308,0.872521,-0.245627,0.9219,0.970323,0.78938,-0.219202,0.827,0.171807,0.87751,-0.265812,0.9303,0.950069,0.777522,-0.183902,0.8372,0.193087,0.855697,-0.242505,0.9321,0.544659,0.779241,0.019786,0.9997,0.338621,0.802077,-0.01813,0.9998,0.943639,0.83952,-0.192861,0.9903,0.122063,0.90631,-0.316482,0.9932,0.527295,0.896579,-0.045449,0.7766,0.507486,0.897611,-0.089378,0.743,0.502126,0.850436,-0.023994,0.65,0.522622,0.851578,-0.057915,0.6846,0.366964,0.918225,-0.056621,0.7239,0.704244,0.899832,-0.080457,0.722
sukhasana_y107_0004,0.532299,0.157207,-0.202599,0.9999,0.551132,0.121012,-0.179341,0.9997,0.564324,0.120464,-0.178124,0.9997,0.577307,0.120266,-0.17864,0.9996,0.503949,0.125899,-0.180008,0.9997,0.485485,0.128865,-0.181005,0.9997,0.466658,0.132933,-0.179861,0.9997,0.595887,0.142362,-0.061798,0.9997,0.438688,0.154764,-0.079598,0.9998,0.559556,0.198356,-0.165137,0.9999,0.498103,0.203415,-0.167121,0.9999,0.722436,0.386614,-0.036481,0.9996,0.313449,0.386002,-0.058727,0.9997,0.731858,0.658787,-0.101999,0.9014,0.271696,0.665683,-0.098101,0.9594,0.869236,0.676267,-0.300789,0.9192,0.139932,0.697278,-0.299097,0.978,0.928164,0.683349,-0.33273,0.9137,0.077491,0.709289,-0.318243,0.9758,0.929121,0.65772,-0.347331,0.9231,0.07013,0.689598,-0.342481,0.9795,0.9088,0.653171,-0.309066,0.9253,0.090798,0.686644,-0.313812,0.9784,0.610507,0.819784,0.006581,0.999,0.37289,0.820435,-0.005297,0.9989,0.83113,0.760949,-0.348844,0.9871,0.129132,0.776391,-0.317169,0.9781,0.35799,0.939725,-0.264575,0.8547,0.577858,0.938099,-0.238504,0.8731,0.318474,0.921537,-0.24662,0.7826,0.607663,0.918884,-0.221215,0.7572,0.158304,0.952315,-0.311419,0.8553,0.772332,0.960643,-0.277645,0.8594
sukhasana_y107_0005,0.486858,0.174743,-0.147366,0.9999,0.510237,0.139283,-0.126762,0.9998,0.524062,0.138043,-0.125539,0.9998,0.536499,0.136962,-0.125886,0.9998,0.463759,0.141659,-0.125342,0.9998,0.447842,0.142269,-0.126221,0.9998,0.434044,0.143291,-0.125532,0.9998,0.55364,0.145505,-0.019481,0.9999,0.412975,0.154943,-0.02571,0.9998,0.513186,0.211182,-0.11239,1.0,0.459582,0.215213,-0.110925,0.9999,0.679636,0.364442,-0.008399,0.9999,0.303519,0.37022,-0.021377,0.9998,0.746519,0.613434,-0.051052,0.9713,0.231667,0.623459,-0.043579,0.9541,0.894439,0.757741,-0.205429,0.9608,0.096723,0.78958,-0.195701,0.9444,0.951374,0.792729,-0.22936,0.9495,0.050933,0.830072,-0.208316,0.937,0.949963,0.791109,-0.262317,0.9562,0.051551,0.823307,-0.238517,0.9468,0.92821,0.783168,-0.218694,0.9559,0.069101,0.813873,-0.211128,0.9503,0.5954,0.820358,0.005833,0.9997,0.380332,0.831132,-0.004558,0.9995,0.896083,0.848741,-0.288819,0.9899,0.104407,0.889579,-0.305366,0.9899,0.455482,0.937887,-0.123532,0.8053,0.547027,0.954522,-0.145035,0.7878,0.42496,0.89557,-0.098863,0.714,0.564389,0.917457,-0.118859,0.6957,0.275926,0.951891,-0.144233,0.7847,0.722899,0.954853,-0.150939,0.7612
sukhasana_y107_0006,0.496168,0.126647,-0.11974,0.9954,0.513005,0.095298,-0.099916,0.9895,0.522114,0.09487,-0.098483,0.9901,0.531738,0.094515,-0.098849,0.9911,0.480616,0.095754,-0.103254,0.9854,0.470003,0.095896,-0.104259,0.9828,0.459933,0.096233,-0.102806,0.9814,0.545801,0.107409,0.010514,0.9942,0.446117,0.110525,-0.020304,0.9805,0.513704,0.162377,-0.082892,0.9985,0.475371,0.161785,-0.088627,0.9979,0.632205,0.346611,0.036222,0.9986,0.348458,0.342804,0.00633,0.9937,0.717416,0.62515,0.043315,0.7521,0.272633,0.610831,0.02136,0.8425,0.925853,0.609194,-0.043767,0.7094,0.094706,0.614362,-0.090288,0.7126,0.976287,0.584852,-0.04668,0.7169,0.036828,0.588298,-0.063951,0.6966,0.983154,0.559587,-0.07717,0.7498,0.02164,0.554833,-0.103165,0.6512,0.96637,0.570651,-0.055303,0.7865,0.039198,0.566443,-0.106613,0.7529,0.578734,0.779137,0.007922,0.9864,0.409258,0.788202,-0.006772,0.9579,0.818651,0.721763,-0.241921,0.9561,0.141459,0.712467,-0.22731,0.9456,0.486102,0.925146,-0.127296,0.7979,0.48251,0.952239,-0.16532,0.9634,0.455282,0.894526,-0.107638,0.7587,0.499635,0.934129,-0.146037,0.9015,0.343399,0.9273,-0.152971,0.7679,0.644337,0.973308,-0.182335,0.9168
sukhasana_y107_0007,0.594777,0.166884,-0.053709,0.9992,0.619951,0.132105,-0.067099,0.9984,0.632786,0.131116,-0.065929,0.9982,0.647268,0.130224,-0.066337,0.9981,0.60465,0.132868,-0.039172,0.9988,0.604623,0.132136,-0.039876,0.9988,0.604795,0.131257,-0.03935,0.9989,0.724335,0.141962,-0.090372,0.9983,0.673113,0.140763,0.026609,0.9991,0.624568,0.197521,-0.064029,0.9995,0.604962,0.197483,-0.028898,0.9995,0.877196,0.34358,-0.157987,0.9997,0.631526,0.356791,0.102907,0.9994,0.806345,0.620895,-0.180977,0.9917,0.471485,0.598152,0.11535,0.6946,0.646245,0.807854,-0.216736,0.9911,0.188212,0.758142,0.025942,0.6924,0.606467,0.872472,-0.255786,0.9831,0.101728,0.789143,0.030723,0.6244,0.566577,0.841999,-0.258677,0.9841,0.096207,0.782639,-0.003987,0.6515,0.57266,0.826582,-0.215222,0.9795,0.123974,0.776175,0.007927,0.675,0.857554,0.805236,-0.072102,0.9995,0.640453,0.777519,0.07282,0.9997,0.487584,0.96395,-0.226136,0.951,0.10563,0.855728,0.094361,0.717,0.473118,0.899165,0.075752,0.2136,0.50735,0.905494,0.123878,0.1865,0.504079,0.863515,0.107668,0.2978,0.574968,0.859368,0.127689,0.2078,0.337701,0.938517,0.134549,0.2762,0.583379,0.953996,0.115036,0.286
sukhasana_y107_0008,0.543624,0.170384,-0.011732,0.999,0.565818,0.144532,-0.033271,0.9986,0.572979,0.143161,-0.032473,0.9983,0.58047,0.141823,-0.032537,0.9981,0.562183,0.144478,0.003391,0.999,0.566983,0.142804,0.002954,0.9991,0.572646,0.140892,0.00368,0.9991,0.646424,0.146428,-0.106082,0.9982,0.634974,0.14507,0.049581,0.9993,0.568569,0.192967,-0.039426,0.9993,0.563889,0.193318,0.007055,0.9995,0.739537,0.319835,-0.191394,0.9998,0.673441,0.316605,0.137454,0.9995,0.649074,0.568554,-0.208149,0.9925,0.61861,0.550623,0.131775,0.0426,0.405892,0.715774,-0.146362,0.9809,0.438262,0.69035,0.011622,0.077,0.3441,0.75428,-0.183238,0.9719,0.380021,0.718364,0.011665,0.0948,0.309236,0.746628,-0.178592,0.9688,0.351249,0.720654,-0.020264,0.096,0.337261,0.737825,-0.141885,0.9524,0.389905,0.715478,-0.00732,0.1055,0.711439,0.757198,-0.096968,1.0,0.598365,0.730357,0.098279,1.0,0.124741,0.843836,-0.139512,0.9952,0.130125,0.810497,0.233651,0.3386,0.441717,0.866397,0.060989,0.7332,0.403503,0.870468,0.210069,0.1622,0.482712,0.839616,0.080589,0.6578,0.435015,0.859961,0.198422,0.1386,0.500189,0.861401,0.173599,0.8066,0.476497,0.894946,0.242238,0.2976
sukhasana_y107_0009,0.530226,0.170394,-0.173302,0.9992,0.558786,0.132658,-0.155691,0.9979,0.574699,0.131624,-0.154369,0.9978,0.590147,0.130633,-0.155139,0.9979,0.497753,0.13716,-0.155654,0.9979,0.474824,0.138382,-0.156697,0.9977,0.455773,0.140363,-0.155499,0.9979,0.615785,0.14661,-0.047441,0.9984,0.431542,0.160411,-0.056923,0.9984,0.564966,0.207508,-0.137603,0.9998,0.490903,0.212288,-0.137117,0.9997,0.770132,0.387504,-0.041986,0.9994,0.290322,0.388223,-0.042446,0.9992,0.78933,0.666992,-0.104699,0.909,0.264038,0.675787,-0.097108,0.923,0.875621,0.775473,-0.303016,0.8186,0.142734,0.752051,-0.33923,0.9362,0.917956,0.810006,-0.33741,0.8481,0.089052,0.773443,-0.357168,0.951,0.921057,0.796889,-0.363746,0.868,0.078761,0.754678,-0.386445,0.9586,0.901316,0.790525,-0.315389,0.8826,0.099488,0.744198,-0.355261,0.9598,0.640526,0.838799,0.004251,0.9995,0.363727,0.830021,-0.00304,0.9989,0.942943,0.881937,-0.344796,0.9688,0.055424,0.840124,-0.312657,0.9754,0.328242,0.957904,-0.204465,0.8343,0.61698,0.930651,-0.19569,0.8694,0.292915,0.922977,-0.178806,0.7821,0.653604,0.895151,-0.170099,0.7824,0.105279,0.960199,-0.220613,0.8051,0.894077,0.982162,-0.199108,0.8132
sukhasana_y107_0010,0.500734,0.16183,-0.151623,0.9996,0.515859,0.129404,-0.128535,0.999,0.525876,0.129488,-0.127103,0.9991,0.534116,0.129748,-0.127526,0.9992,0.482616,0.132629,-0.131683,0.9987,0.470034,0.135089,-0.132748,0.9985,0.459251,0.137498,-0.131225,0.9983,0.547464,0.145674,-0.014242,0.9995,0.447121,0.158826,-0.043532,0.9982,0.520566,0.204359,-0.115619,0.9998,0.480704,0.206572,-0.120918,0.9997,0.627635,0.388871,0.002546,0.9998,0.358375,0.392487,-0.017557,0.9985,0.705358,0.649067,-0.009136,0.9403,0.274906,0.646208,-0.01265,0.9573,0.885619,0.63248,-0.109569,0.9436,0.10513,0.596603,-0.151356,0.9527,0.936371,0.600223,-0.113793,0.9335,0.060704,0.567674,-0.13946,0.9471,0.94344,0.571739,-0.141231,0.9437,0.060956,0.54203,-0.17111,0.9565,0.928097,0.581334,-0.119272,0.9528,0.073798,0.550764,-0.166809,0.9641,0.579661,0.799483,0.002109,0.9982,0.406421,0.805414,-0.001105,0.9947,0.792132,0.761177,-0.284371,0.9906,0.174008,0.73246,-0.26599,0.9887,0.423206,0.907875,-0.181797,0.896,0.534961,0.921871,-0.177218,0.9449,0.383425,0.904974,-0.161642,0.8535,0.542598,0.895621,-0.154954,0.8638,0.277948,0.921435,-0.206316,0.8809,0.682845,0.938156,-0.179238,0.9081
sukhasana_y107_0011,0.504965,0.173492,-0.286566,0.9998,0.525012,0.136624,-0.269171,0.9996,0.534833,0.135324,-0.267813,0.9996,0.545906,0.134036,-0.268349,0.9996,0.487166,0.14025,-0.267825,0.9996,0.475214,0.141177,-0.26881,0.9996,0.464262,0.142585,-0.26786,0.9996,0.563946,0.145069,-0.161374,0.9996,0.451472,0.155735,-0.166279,0.9996,0.529175,0.207752,-0.250159,0.9998,0.483346,0.211254,-0.248549,0.9998,0.665537,0.356557,-0.129242,0.9996,0.367996,0.354871,-0.133171,0.9993,0.763421,0.59488,-0.161334,0.9836,0.262115,0.591983,-0.137841,0.9674,0.902928,0.796039,-0.271637,0.9427,0.120644,0.793601,-0.255894,0.9264,0.964569,0.842429,-0.2878,0.9024,0.065916,0.840441,-0.260757,0.9039,0.954494,0.843867,-0.320483,0.915,0.067359,0.840546,-0.291154,0.9187,0.932625,0.832658,-0.283368,0.9233,0.088542,0.826482,-0.270325,0.924,0.600812,0.788289,0.003675,0.9992,0.417172,0.794312,-0.002187,0.9988,0.874588,0.846923,-0.283785,0.9854,0.136608,0.837426,-0.258818,0.9891,0.525773,0.915538,-0.090027,0.8103,0.528767,0.947282,-0.127585,0.8831,0.510842,0.857172,-0.064368,0.6797,0.556088,0.894936,-0.107541,0.7199,0.403906,0.906481,-0.112854,0.7933,0.70173,0.97306,-0.166861,0.8548
sukhasana_y107_0012,0.378029,0.176686,-0.131071,0.9998,0.375858,0.143278,-0.10775,0.9997,0.385837,0.14259,-0.106693,0.9997,0.39476,0.141726,-0.107065,0.9998,0.338141,0.146066,-0.123212,0.9996,0.317121,0.147463,-0.12415,0.9994,0.294098,0.149173,-0.123137,0.9994,0.376109,0.157389,0.011371,0.9999,0.237768,0.169364,-0.074945,0.9993,0.397098,0.21283,-0.091004,0.9999,0.349417,0.215325,-0.112061,0.9998,0.499247,0.373731,0.034536,0.9998,0.091876,0.390602,-0.071876,0.999,0.544276,0.640869,0.029321,0.8244,0.090039,0.65554,-0.13058,0.892,0.799256,0.683113,-0.116521,0.894,0.13355,0.690887,-0.318692,0.872,0.887563,0.696358,-0.132716,0.9082,0.136849,0.71407,-0.342569,0.8804,0.90386,0.666513,-0.172827,0.9199,0.147188,0.687686,-0.350392,0.8879,0.873266,0.663908,-0.13259,0.9131,0.149454,0.679736,-0.325309,0.8738,0.461919,0.800458,0.030783,0.9997,0.227292,0.823008,-0.02946,0.9989,0.8524,0.765067,-0.23494,0.9917,0.094031,0.869772,-0.373092,0.9905,0.419208,0.938497,-0.13817,0.8511,0.564829,0.902927,-0.204941,0.8913,0.362647,0.924263,-0.122168,0.7988,0.599593,0.878332,-0.17891,0.8637,0.279855,0.961874,-0.17697,0.84,0.812731,0.904766,-0.220686,0.8776
sukhasana_y107_0013,0.413227,0.172203,-0.152331,0.9999,0.420967,0.142356,-0.128326,0.9998,0.430801,0.141867,-0.127169,0.9998,0.440022,0.141403,-0.127644,0.9998,0.387574,0.140991,-0.13921,0.9998,0.370913,0.139272,-0.140241,0.9998,0.353797,0.137712,-0.139288,0.9998,0.431589,0.154342,-0.018161,0.9998,0.311153,0.149973,-0.082044,0.9998,0.423444,0.205862,-0.117206,1.0,0.38426,0.203172,-0.13238,1.0,0.5313,0.372532,-0.01811,0.9999,0.156683,0.376976,-0.088653,0.9999,0.691251,0.602265,-0.049378,0.9828,0.124371,0.626828,-0.103514,0.9798,0.845229,0.786747,-0.160357,0.9352,0.05923,0.848642,-0.220461,0.9533,0.912977,0.837698,-0.164605,0.9089,0.020063,0.906209,-0.227119,0.946,0.907403,0.845559,-0.205454,0.919,0.041277,0.910525,-0.256502,0.953,0.879959,0.833704,-0.174155,0.9279,0.059943,0.890212,-0.232081,0.955,0.471974,0.805049,0.017325,0.9999,0.252504,0.818759,-0.015845,0.9998,0.811715,0.872936,-0.233843,0.9922,0.048246,0.902,-0.328369,0.9869,0.365588,0.940232,-0.098686,0.8115,0.44426,0.908855,-0.126544,0.6967,0.328375,0.898117,-0.076557,0.7224,0.462814,0.862372,-0.095782,0.6872,0.181298,0.97441,-0.118468,0.8009,0.6642,0.906194,-0.116598,0.7324
sukhasana_y107_0014,0.517121,0.170378,-0.211116,0.9991,0.54078,0.1409,-0.189905,0.9979,0.553455,0.141586,-0.188579,0.9979,0.564623,0.14235,-0.189083,0.9981,0.499149,0.140198,-0.191668,0.9978,0.484835,0.140207,-0.19266,0.9977,0.472234,0.140617,-0.191577,0.9978,0.584136,0.160951,-0.075167,0.9985,0.453964,0.159236,-0.097303,0.998,0.539961,0.20918,-0.173658,0.9994,0.488488,0.207288,-0.177118,0.9994,0.673356,0.363536,-0.062341,0.9992,0.355456,0.366885,-0.078482,0.9983,0.719032,0.631586,-0.092204,0.9089,0.31349,0.641665,-0.08841,0.9319,0.869119,0.71781,-0.228548,0.867,0.127411,0.716301,-0.221335,0.9133,0.938338,0.741051,-0.248387,0.8575,0.065092,0.732119,-0.222611,0.9072,0.948217,0.734138,-0.28079,0.8788,0.05074,0.719908,-0.253583,0.9252,0.92236,0.730154,-0.242421,0.898,0.07622,0.716751,-0.236834,0.9348,0.604138,0.783549,0.007251,0.9981,0.410074,0.780926,-0.00584,0.9965,0.85326,0.795403,-0.311126,0.9746,0.169393,0.771883,-0.278814,0.9824,0.472431,0.900392,-0.128524,0.8089,0.557898,0.943685,-0.193761,0.9361,0.444417,0.8641,-0.101915,0.6631,0.56279,0.909747,-0.175436,0.8115,0.303292,0.911521,-0.145496,0.7874,0.730038,0.961817,-0.230881,0.9075
sukhasana_y107_0015,0.499289,0.155046,-0.251048,0.9999,0.516034,0.121212,-0.231255,0.9998,0.528036,0.121211,-0.230008,0.9998,0.540207,0.120931,-0.230444,0.9998,0.474599,0.120937,-0.23329,0.9998,0.454878,0.121592,-0.234241,0.9997,0.436138,0.122834,-0.233614,0.9997,0.546414,0.132691,-0.11747,0.9999,0.40442,0.139834,-0.140272,0.9997,0.515725,0.195035,-0.211704,0.9999,0.462219,0.193724,-0.215057,0.9999,0.655733,0.347928,-0.084889,0.9999,0.276441,0.327004,-0.131319,0.9996,0.753539,0.586556,-0.117885,0.9845,0.211598,0.594051,-0.161654,0.9754,0.901248,0.804369,-0.250475,0.9746,0.086529,0.81768,-0.282034,0.9361,0.961098,0.869383,-0.273003,0.9564,0.034072,0.884984,-0.301569,0.9098,0.950994,0.871008,-0.307719,0.9632,0.054186,0.889593,-0.323587,0.9214,0.923883,0.850233,-0.26411,0.9629,0.075866,0.872543,-0.294535,0.9268,0.53237,0.782422,0.01357,0.999,0.304385,0.775487,-0.012278,0.9989,0.851279,0.848984,-0.23901,0.9641,0.058279,0.865633,-0.307522,0.9704,0.409249,0.89624,-0.106749,0.6799,0.49225,0.870123,-0.12657,0.6448,0.369701,0.876207,-0.087756,0.6135,0.513206,0.829853,-0.100685,0.5513,0.222686,0.933578,-0.142355,0.6447,0.678793,0.939669,-0.136911,0.589
sukhasana_y107_0016,0.507016,0.176907,-0.105361,0.9956,0.544135,0.145334,-0.103567,0.9904,0.562251,0.144018,-0.102205,0.99,0.584996,0.142726,-0.102993,0.9899,0.513461,0.147263,-0.083103,0.9905,0.507754,0.147503,-0.08385,0.9899,0.502785,0.147563,-0.083275,0.9903,0.655906,0.159974,-0.073356,0.9915,0.540065,0.16284,0.009126,0.9927,0.54125,0.212075,-0.097904,0.9984,0.508871,0.21334,-0.07283,0.9971,0.820726,0.356179,-0.131954,0.9984,0.498264,0.398842,0.067805,0.9961,0.836046,0.605608,-0.198235,0.98,0.447306,0.629031,0.060424,0.6238,0.744815,0.768762,-0.319968,0.9781,0.164988,0.789043,-0.063876,0.6036,0.734419,0.806695,-0.367591,0.9391,0.096447,0.814821,-0.066543,0.6001,0.698863,0.787254,-0.381944,0.9524,0.084666,0.804316,-0.101859,0.6358,0.701306,0.775369,-0.326842,0.9696,0.107672,0.798461,-0.084117,0.6759,0.822343,0.815881,-0.055139,0.9974,0.599441,0.793895,0.05621,0.996,0.665704,0.91866,-0.320393,0.7917,0.073271,0.857438,-0.008197,0.4923,0.368702,0.979197,-0.104315,0.1912,0.465741,0.939909,0.054995,0.1799,0.368262,0.962522,-0.07788,0.2337,0.518919,0.923471,0.066061,0.162,0.158599,0.964224,-0.107485,0.2191,0.57953,0.983881,0.033629,0.1836
sukhasana_y107_0017,0.510519,0.168658,-0.121097,1.0,0.542091,0.134138,-0.101291,0.9999,0.562219,0.132703,-0.100079,0.9999,0.574515,0.131895,-0.100582,0.9999,0.483586,0.138628,-0.099231,0.9999,0.465604,0.139613,-0.100199,0.9999,0.448618,0.140586,-0.099264,0.9999,0.606529,0.145406,0.005433,1.0,0.435347,0.156681,0.001703,1.0,0.554428,0.203095,-0.087264,1.0,0.482613,0.204831,-0.085349,1.0,0.765738,0.369909,0.011338,1.0,0.282002,0.375568,0.008276,0.9999,0.810467,0.591129,-0.063625,0.965,0.226069,0.584721,-0.059828,0.972,0.879166,0.701177,-0.273358,0.9646,0.137986,0.693588,-0.278881,0.9633,0.925689,0.745682,-0.315287,0.9573,0.07977,0.728765,-0.307014,0.957,0.895908,0.736633,-0.336394,0.9617,0.104802,0.724301,-0.330251,0.9623,0.869591,0.725982,-0.282993,0.9592,0.134261,0.7182,-0.293424,0.9646,0.678806,0.79106,0.01019,0.9995,0.393034,0.800671,-0.009072,0.9993,0.97904,0.772607,-0.349746,0.9658,0.086875,0.779237,-0.350456,0.9729,0.414517,0.9165,-0.264696,0.7819,0.721493,0.946233,-0.294095,0.8688,0.3812,0.901904,-0.246693,0.7456,0.754502,0.920624,-0.277515,0.7848,0.20383,0.943591,-0.307573,0.7648,0.939513,0.961343,-0.332099,0.8279
sukhasana_y107_0018,0.501897,0.161378,-0.039031,0.9999,0.534845,0.127322,-0.017608,0.9997,0.553039,0.125591,-0.016584,0.9997,0.57298,0.124154,-0.016915,0.9996,0.465197,0.132628,-0.01532,0.9998,0.443745,0.134244,-0.016221,0.9998,0.422512,0.136145,-0.014788,0.9998,0.605882,0.136396,0.089612,0.9996,0.397833,0.153855,0.085128,0.9998,0.549264,0.196155,-0.004951,0.9998,0.467017,0.202328,-0.003532,0.9999,0.784375,0.338741,0.092199,0.999,0.249633,0.35065,0.076377,0.9996,0.879795,0.596167,-0.003989,0.9649,0.155715,0.622164,0.006758,0.9811,0.557354,0.50646,-0.141445,0.9381,0.466595,0.507169,-0.120113,0.9707,0.511,0.461831,-0.146737,0.89,0.517708,0.465662,-0.115154,0.9332,0.515449,0.439573,-0.135883,0.8829,0.502476,0.445326,-0.099308,0.9234,0.529994,0.454254,-0.13074,0.8521,0.495811,0.458413,-0.110466,0.9005,0.660169,0.781627,0.007913,0.9995,0.3559,0.783815,-0.006596,0.9995,1.004265,0.771365,-0.337632,0.996,0.037336,0.788954,-0.334008,0.9943,0.367629,0.924741,-0.245847,0.9259,0.645389,0.896676,-0.19303,0.9135,0.314698,0.903853,-0.224963,0.8761,0.661774,0.866731,-0.16547,0.8368,0.096522,0.947873,-0.273421,0.9263,0.875717,0.928415,-0.194364,0.8998
sukhasana_y107_0019,0.407559,0.194791,-0.215924,0.9999,0.421722,0.163367,-0.199482,0.9998,0.433016,0.16275,-0.198208,0.9998,0.442708,0.161856,-0.198531,0.9998,0.381771,0.161153,-0.208818,0.9997,0.362277,0.159159,-0.209565,0.9996,0.343032,0.157121,-0.208947,0.9996,0.440807,0.164061,-0.085231,0.9998,0.297656,0.161849,-0.141665,0.9994,0.418619,0.223398,-0.173464,0.9999,0.375764,0.221015,-0.187038,0.9999,0.543015,0.323257,-0.035805,0.9999,0.143224,0.332723,-0.107355,0.9995,0.641036,0.551233,-0.024563,0.9717,0.116444,0.578057,-0.089632,0.9207,0.819996,0.743797,-0.121563,0.9475,0.064475,0.787111,-0.185532,0.8593,0.899296,0.791058,-0.123988,0.9343,0.028893,0.840818,-0.196232,0.8657,0.890502,0.788925,-0.168643,0.9438,0.042414,0.839855,-0.224505,0.8826,0.855024,0.7761,-0.135764,0.943,0.065617,0.821504,-0.196535,0.8749,0.487907,0.726811,0.02084,0.9999,0.234747,0.732506,-0.019446,0.9998,0.880722,0.87216,-0.175641,0.9815,0.042976,0.920843,-0.263132,0.9624,0.374365,0.867472,-0.019913,0.6668,0.440778,0.832897,-0.039922,0.4361,0.344808,0.84508,0.002326,0.6664,0.469262,0.786886,-0.010053,0.4728,0.184198,0.902152,-0.011338,0.6225,0.653028,0.836891,-0.008623,0.4753
sukhasana_y107_0020,0.516149,0.193045,-0.191328,0.9999,0.545781,0.15547,-0.171542,0.9997,0.560745,0.154711,-0.170314,0.9997,0.576122,0.154742,-0.170946,0.9997,0.492635,0.157062,-0.170773,0.9997,0.47511,0.15716,-0.171751,0.9997,0.458138,0.158072,-0.17101,0.9997,0.602068,0.171008,-0.061741,0.9998,0.438718,0.17406,-0.069911,0.9998,0.547304,0.23352,-0.155854,1.0,0.483385,0.234093,-0.155064,1.0,0.750918,0.405512,-0.051036,0.9999,0.295677,0.409134,-0.051149,0.9998,0.883894,0.6498,-0.122167,0.9877,0.178337,0.645867,-0.09988,0.985,0.975673,0.758875,-0.323355,0.974,0.075717,0.764566,-0.302398,0.9764,1.003158,0.823898,-0.36149,0.9607,0.038592,0.822603,-0.327694,0.9686,0.962164,0.809773,-0.38576,0.9656,0.065989,0.809525,-0.352515,0.9731,0.942097,0.790922,-0.334321,0.9644,0.091856,0.794819,-0.317343,0.9719,0.662584,0.850445,0.004789,0.998,0.392295,0.846859,-0.003389,0.9978,0.962641,0.807584,-0.304005,0.9341,0.064614,0.823597,-0.30247,0.9552,0.437463,0.947739,-0.186356,0.7231,0.614095,0.979773,-0.234342,0.7975,0.401523,0.921404,-0.165989,0.6034,0.64608,0.954652,-0.21964,0.6463,0.22963,0.9515,-0.230679,0.6743,0.853745,1.034087,-0.287482,0.7364
sukhasana_y107_0021,0.517568,0.129568,-0.192071,0.9981,0.535645,0.103577,-0.167693,0.9954,0.546667,0.102536,-0.166378,0.9955,0.556143,0.101899,-0.166877,0.9959,0.49712,0.109694,-0.171288,0.9947,0.483201,0.112933,-0.172325,0.9943,0.471614,0.115483,-0.171294,0.9942,0.572893,0.119461,-0.055852,0.997,0.460715,0.137663,-0.08514,0.9944,0.545302,0.167229,-0.156601,0.9988,0.495116,0.17176,-0.161999,0.9986,0.670396,0.375983,-0.047525,0.9986,0.379259,0.381657,-0.080511,0.997,0.72179,0.65785,-0.066622,0.8078,0.309516,0.647464,-0.075726,0.9349,0.883175,0.780449,-0.171895,0.6961,0.113448,0.784165,-0.183494,0.857,0.939129,0.801185,-0.182112,0.714,0.0593,0.806806,-0.175168,0.8557,0.950266,0.787853,-0.219669,0.7465,0.048834,0.794203,-0.214385,0.8817,0.930424,0.785186,-0.186765,0.7868,0.06921,0.788716,-0.200604,0.904,0.616953,0.808992,0.005095,0.9989,0.435439,0.814561,-0.00378,0.9975,0.884805,0.884273,-0.246146,0.9818,0.132336,0.867117,-0.243801,0.9833,0.550406,0.897577,-0.049899,0.749,0.50035,0.918172,-0.084862,0.8307,0.531367,0.858922,-0.023034,0.5724,0.527339,0.878228,-0.059093,0.6578,0.422035,0.898245,-0.056555,0.6719,0.665955,0.930956,-0.092337,0.7736
sukhasana_y107_0022,0.494207,0.175084,-0.199375,0.9997,0.516974,0.141699,-0.182208,0.9992,0.52818,0.140675,-0.180828,0.9992,0.538701,0.139908,-0.181345,0.9992,0.478742,0.14493,-0.18102,0.9993,0.466191,0.145584,-0.182006,0.9993,0.455135,0.147055,-0.181062,0.9994,0.559988,0.152676,-0.077401,0.9993,0.449191,0.161302,-0.083843,0.9995,0.521253,0.216867,-0.163796,0.9998,0.475244,0.218984,-0.162496,0.9998,0.661623,0.361728,-0.058886,0.9997,0.36245,0.376336,-0.071402,0.9997,0.760441,0.603573,-0.092205,0.9816,0.283349,0.621953,-0.080714,0.9818,0.905623,0.773341,-0.220851,0.9477,0.123843,0.749088,-0.21549,0.9737,0.952749,0.811912,-0.237189,0.9243,0.074727,0.784055,-0.221578,0.9651,0.948775,0.816849,-0.270152,0.9354,0.072616,0.77621,-0.253297,0.9716,0.93178,0.807305,-0.233191,0.9453,0.092596,0.764669,-0.23123,0.9733,0.605564,0.82227,0.004983,0.9986,0.418331,0.825511,-0.003558,0.9981,0.866147,0.865403,-0.279555,0.9679,0.151206,0.840622,-0.275695,0.9809,0.521755,0.924755,-0.102559,0.7799,0.520425,0.935409,-0.134247,0.8251,0.50227,0.875125,-0.076706,0.6496,0.545902,0.893986,-0.110551,0.6787,0.366783,0.929221,-0.118147,0.7202,0.675643,0.976263,-0.155137,0.7661
sukhasana_y107_0023,0.531137,0.183684,-0.20943,0.9997,0.555742,0.149573,-0.190549,0.9992,0.570961,0.149575,-0.189348,0.9992,0.585751,0.150042,-0.19002,0.9993,0.501124,0.150952,-0.191493,0.9991,0.481305,0.152927,-0.192524,0.9991,0.46487,0.155546,-0.191701,0.9991,0.604299,0.165709,-0.081939,0.9995,0.441324,0.173866,-0.096766,0.9993,0.557716,0.225132,-0.173375,0.9998,0.496646,0.228509,-0.174691,0.9998,0.724717,0.385221,-0.072137,0.9998,0.319191,0.376742,-0.093363,0.9995,0.779502,0.64817,-0.114903,0.9741,0.244258,0.648278,-0.123183,0.9594,0.854063,0.856687,-0.243351,0.9184,0.154196,0.859376,-0.252852,0.8605,0.907944,0.922211,-0.267418,0.8876,0.111506,0.926657,-0.263397,0.8317,0.881388,0.926111,-0.297744,0.9014,0.118102,0.929453,-0.288121,0.8523,0.845617,0.905514,-0.254051,0.9079,0.143647,0.90682,-0.264552,0.868,0.604435,0.829693,0.007562,0.9995,0.348451,0.823173,-0.006112,0.999,0.796852,0.858197,-0.328725,0.9652,0.123438,0.857716,-0.328711,0.9667,0.389601,0.953135,-0.137532,0.6243,0.574542,0.940601,-0.181044,0.7227,0.364146,0.912699,-0.11018,0.5269,0.607009,0.909379,-0.155333,0.6105,0.186595,0.960459,-0.154823,0.59,0.754861,0.970149,-0.193026,0.6795
sukhasana_y107_0024,0.488923,0.167811,-0.17833,0.9999,0.5124,0.132856,-0.15628,0.9999,0.524916,0.132122,-0.155038,0.9998,0.535368,0.131412,-0.155544,0.9999,0.465243,0.136332,-0.154644,0.9999,0.448959,0.137584,-0.155629,0.9999,0.43349,0.139724,-0.154759,0.9999,0.553789,0.145811,-0.046472,0.9999,0.4168,0.15758,-0.050971,0.9999,0.519014,0.200186,-0.143501,1.0,0.463532,0.202905,-0.141636,1.0,0.687947,0.378898,-0.037328,0.9999,0.307956,0.382096,-0.051147,0.9999,0.726493,0.640292,-0.092414,0.9522,0.252035,0.641106,-0.090619,0.962,0.883315,0.741059,-0.267746,0.9356,0.11741,0.741631,-0.277764,0.9661,0.943457,0.766536,-0.293692,0.9285,0.06934,0.767325,-0.295656,0.9621,0.95253,0.753772,-0.324067,0.9383,0.066346,0.759783,-0.323085,0.9682,0.9262,0.746715,-0.281395,0.9418,0.08672,0.75072,-0.293899,0.9698,0.589532,0.80435,0.008064,0.9997,0.35374,0.809607,-0.006864,0.9996,0.864783,0.832378,-0.311497,0.981,0.139995,0.833324,-0.333663,0.9884,0.413951,0.921454,-0.159268,0.7969,0.59926,0.930095,-0.19686,0.8378,0.377284,0.889681,-0.134997,0.7063,0.62481,0.897324,-0.171725,0.7532,0.252813,0.937904,-0.185942,0.7513,0.800397,0.932389,-0.208,0.8
sukhasana_y107_0025,0.406798,0.15169,-0.139447,0.9999,0.434505,0.120686,-0.115495,0.9995,0.449152,0.121457,-0.114452,0.9995,0.465521,0.122563,-0.114753,0.9995,0.381299,0.122766,-0.113568,0.9996,0.363601,0.124897,-0.114694,0.9996,0.346496,0.127278,-0.113872,0.9996,0.496164,0.145681,-0.00793,0.9996,0.322641,0.151405,-0.012369,0.9997,0.442607,0.193817,-0.106132,0.9998,0.374716,0.195173,-0.104528,0.9998,0.639768,0.359379,-0.002455,0.9991,0.198802,0.375248,-0.026419,0.9989,0.722645,0.645145,-0.051227,0.9865,0.14193,0.651497,-0.052677,0.9798,0.540749,0.784283,-0.167366,0.9576,0.318756,0.801856,-0.171038,0.923,0.490737,0.836356,-0.190696,0.9278,0.373501,0.841827,-0.192408,0.8795,0.455942,0.809615,-0.199435,0.9302,0.407934,0.822683,-0.193099,0.8839,0.466168,0.795454,-0.166665,0.9181,0.400446,0.809992,-0.171547,0.8762,0.573457,0.8153,0.00485,0.9987,0.297244,0.829954,-0.003565,0.999,0.986833,0.888011,-0.240584,0.9231,-0.061233,0.882578,-0.264456,0.9468,0.420377,0.930706,-0.074956,0.5097,0.463144,0.957517,-0.116692,0.6138,0.388228,0.873918,-0.049616,0.3765,0.510414,0.912345,-0.093082,0.5143,0.18495,0.914293,-0.078569,0.475,0.69997,0.956813,-0.131156,0.5561
sukhasana_y107_0026,0.453178,0.160001,-0.029305,0.9999,0.47461,0.132919,-0.002723,0.9997,0.49106,0.132249,-0.00181,0.9996,0.506166,0.131812,-0.002407,0.9996,0.419791,0.136186,-0.001096,0.9998,0.400381,0.137549,-0.002184,0.9998,0.381716,0.138568,-0.000566,0.9998,0.529762,0.146359,0.113705,0.9995,0.357184,0.156672,0.109745,0.9999,0.489413,0.189486,0.005353,0.9998,0.421904,0.194224,0.006184,0.9999,0.698278,0.367175,0.109577,0.9985,0.205591,0.373884,0.090844,0.9995,0.876634,0.588718,-0.008578,0.9904,0.071595,0.604967,-0.003786,0.9952,0.521823,0.531379,-0.156181,0.9702,0.428749,0.531559,-0.130014,0.9892,0.477481,0.482397,-0.16569,0.9096,0.477002,0.481,-0.127797,0.965,0.486395,0.465427,-0.143996,0.8987,0.470465,0.468504,-0.10902,0.9586,0.491477,0.482443,-0.140825,0.8798,0.462186,0.485335,-0.118839,0.9459,0.60418,0.790904,0.012737,0.9981,0.335319,0.79158,-0.011473,0.9986,0.893707,0.831927,-0.343875,0.969,0.100651,0.821326,-0.340748,0.9896,0.334638,0.91886,-0.213018,0.7764,0.678466,0.951277,-0.256176,0.9582,0.281714,0.903021,-0.190711,0.7315,0.71694,0.921023,-0.234631,0.8947,0.119416,0.934999,-0.226749,0.8223,0.923931,0.951373,-0.286106,0.9453
sukhasana_y107_0027,0.498038,0.202618,-0.283617,0.9988,0.52206,0.173239,-0.268643,0.9975,0.534523,0.172289,-0.26789,0.9975,0.548157,0.171367,-0.268634,0.9974,0.470828,0.173874,-0.267953,0.9976,0.452568,0.173855,-0.269331,0.9973,0.437973,0.174019,-0.268646,0.9968,0.568674,0.17846,-0.156261,0.9987,0.411536,0.184579,-0.1615,0.9984,0.523809,0.228406,-0.243663,0.999,0.466424,0.229057,-0.243401,0.9989,0.682359,0.321539,-0.107748,0.9992,0.291619,0.325724,-0.106464,0.996,0.845974,0.494657,-0.227266,0.9767,0.124831,0.497009,-0.231247,0.9125,0.575988,0.421812,-0.38427,0.9677,0.422303,0.414437,-0.377967,0.9141,0.529094,0.376567,-0.405986,0.9049,0.476342,0.367221,-0.396843,0.7575,0.521957,0.35352,-0.388928,0.8949,0.475376,0.353846,-0.364078,0.7148,0.53247,0.371987,-0.374355,0.8642,0.465639,0.372476,-0.365943,0.6488,0.59878,0.628437,-0.011327,0.9956,0.398397,0.637823,0.01179,0.9912,0.549078,0.668482,-0.060232,0.3203,0.304502,0.720283,0.023397,0.3057,0.52398,0.777111,0.203443,0.0338,0.450126,0.81105,0.249677,0.0276,0.531515,0.799781,0.229248,0.0923,0.477303,0.823984,0.272591,0.0484,0.496385,0.817516,0.220446,0.0522,0.458764,0.863964,0.255027,0.0322
sukhasana_y107_0028,0.479276,0.226882,-0.269966,0.9996,0.508126,0.194275,-0.267579,0.9991,0.526108,0.192691,-0.266252,0.9991,0.543012,0.190371,-0.267134,0.9992,0.455298,0.194564,-0.260216,0.9989,0.4404,0.193367,-0.261503,0.9986,0.426071,0.192151,-0.260143,0.9986,0.575434,0.190322,-0.183678,0.9993,0.426101,0.192573,-0.152399,0.999,0.515988,0.253571,-0.237479,0.9997,0.455823,0.254665,-0.225735,0.9995,0.750684,0.33247,-0.123844,0.9998,0.305788,0.321657,-0.096286,0.9993,0.938846,0.555412,-0.135753,0.9948,0.156122,0.518677,-0.060651,0.973,0.848291,0.73742,-0.217213,0.9199,0.140966,0.669719,-0.165195,0.8661,0.829483,0.793923,-0.236967,0.8667,0.146181,0.721195,-0.167176,0.8213,0.788553,0.79291,-0.261095,0.8814,0.168986,0.699479,-0.18521,0.8359,0.783439,0.746593,-0.222697,0.8942,0.189051,0.688847,-0.171838,0.8474,0.617889,0.703015,-0.005653,0.9995,0.357505,0.688749,0.007172,0.9991,0.809843,0.769367,-0.364685,0.949,0.044352,0.716845,-0.244881,0.9098,0.31271,0.858272,-0.237419,0.7206,0.572722,0.909507,-0.185795,0.8791,0.27517,0.827179,-0.216352,0.7074,0.605982,0.87509,-0.169399,0.8024,0.101733,0.905034,-0.255809,0.6434,0.751031,0.95924,-0.225541,0.8114
sukhasana_y107_0029,0.511451,0.143813,-0.221615,0.9999,0.540251,0.113272,-0.201589,0.9996,0.556828,0.114473,-0.200427,0.9995,0.573399,0.115313,-0.201171,0.9995,0.485527,0.10832,-0.205583,0.9997,0.460187,0.106554,-0.20677,0.9997,0.439259,0.105894,-0.205726,0.9997,0.58569,0.126994,-0.085181,0.9996,0.395176,0.118169,-0.117195,0.9998,0.530065,0.181897,-0.182498,0.9999,0.464216,0.177265,-0.188586,0.9999,0.691616,0.339677,-0.053331,0.9997,0.21315,0.322509,-0.114269,0.9999,0.748976,0.591048,-0.075618,0.9077,0.121096,0.579858,-0.14185,0.9782,0.909327,0.745785,-0.211803,0.7006,0.060076,0.798649,-0.262076,0.9097,0.956623,0.793627,-0.232154,0.6785,0.011086,0.852597,-0.269605,0.8741,0.960661,0.792886,-0.265608,0.704,0.041151,0.858087,-0.291673,0.8881,0.950252,0.781871,-0.224686,0.7398,0.07601,0.841278,-0.272224,0.9048,0.585572,0.734145,0.027254,0.9994,0.303739,0.7288,-0.025966,0.9996,0.972646,0.713105,-0.276323,0.9706,0.202645,0.717874,-0.381588,0.9831,0.390799,0.853993,-0.172718,0.6976,0.742678,0.87793,-0.262902,0.8502,0.321584,0.842085,-0.153431,0.6053,0.783632,0.863881,-0.239011,0.8172,0.171489,0.879463,-0.195147,0.6688,1.054024,0.911131,-0.279052,0.8175
sukhasana_y107_0030,0.717802,0.147488,-0.141726,0.9992,0.757269,0.117254,-0.138651,0.9985,0.774447,0.11835,-0.137263,0.9984,0.793294,0.119437,-0.137666,0.9982,0.722477,0.115494,-0.120294,0.9989,0.716056,0.115221,-0.120927,0.999,0.710178,0.114897,-0.120369,0.9991,0.850747,0.145101,-0.092313,0.9977,0.739317,0.135771,-0.021743,0.9994,0.751501,0.189994,-0.127156,0.9992,0.710499,0.186092,-0.105055,0.9994,0.951221,0.359346,-0.147022,0.9963,0.650853,0.328349,0.056765,0.9992,0.787958,0.5984,-0.207241,0.8514,0.438018,0.517274,0.056627,0.8629,0.653692,0.743472,-0.273795,0.8495,0.153603,0.615162,-0.050519,0.8713,0.635741,0.815952,-0.310447,0.8246,0.074223,0.64526,-0.050437,0.8488,0.600391,0.776826,-0.313465,0.8339,0.076402,0.646291,-0.082806,0.862,0.598042,0.76624,-0.274705,0.8362,0.106127,0.64146,-0.067089,0.865,0.84253,0.811309,-0.061261,0.9969,0.624137,0.767588,0.062467,0.9985,0.666399,0.812659,-0.333949,0.9747,0.126804,0.685472,0.018179,0.9168,0.322156,0.846697,-0.098778,0.6259,0.528164,0.865233,0.014709,0.6808,0.35192,0.845187,-0.069066,0.6875,0.594775,0.870497,0.017762,0.5127,0.117466,0.8305,-0.057772,0.6284,0.557438,0.932423,-0.000682,0.6381
sukhasana_y107_0031,0.502315,0.17449,-0.187483,0.9993,0.52477,0.145115,-0.169061,0.9982,0.538124,0.146706,-0.167798,0.9982,0.551579,0.148464,-0.168297,0.9983,0.478995,0.142022,-0.169102,0.9982,0.461608,0.142323,-0.170112,0.9981,0.44566,0.143349,-0.169179,0.9982,0.567945,0.167418,-0.060073,0.9987,0.422038,0.164931,-0.069983,0.9985,0.530076,0.21662,-0.149846,0.9997,0.471224,0.210226,-0.150037,0.9996,0.683861,0.389998,-0.034899,0.9995,0.299638,0.397271,-0.064792,0.9993,0.701785,0.675687,-0.070351,0.8788,0.261314,0.673595,-0.083313,0.9561,0.829182,0.769348,-0.24827,0.8839,0.11598,0.784819,-0.241123,0.9578,0.89963,0.798282,-0.278807,0.8872,0.055552,0.805504,-0.256111,0.9452,0.908238,0.775948,-0.307204,0.9049,0.051917,0.789385,-0.284971,0.9511,0.883593,0.769518,-0.262153,0.9147,0.075478,0.781996,-0.257518,0.9676,0.595531,0.842439,0.009785,0.9968,0.360642,0.840971,-0.008644,0.9974,0.932592,0.882186,-0.275931,0.8987,0.055857,0.875729,-0.271331,0.9321,0.437735,0.949254,-0.122122,0.6637,0.563538,0.965986,-0.168772,0.7853,0.397446,0.915063,-0.097473,0.5327,0.591765,0.935443,-0.147436,0.664,0.207365,0.969765,-0.137509,0.549,0.776609,1.000613,-0.192151,0.6898
sukhasana_y107_0032,0.398711,0.12336,-0.097659,0.9935,0.377822,0.093756,-0.085482,0.9941,0.374233,0.093288,-0.084499,0.9953,0.369951,0.092459,-0.085306,0.9957,0.37206,0.095713,-0.120204,0.991,0.36438,0.096953,-0.121094,0.9893,0.355624,0.097705,-0.120074,0.988,0.30457,0.11086,-0.014419,0.9975,0.295276,0.114776,-0.179687,0.9898,0.387629,0.158872,-0.072178,0.9981,0.379821,0.158941,-0.117493,0.9969,0.248547,0.334263,0.088469,0.9993,0.210498,0.34237,-0.253429,0.9989,0.336787,0.578313,0.103544,0.1848,0.325515,0.645937,-0.246946,0.9268,0.595334,0.627953,0.020336,0.2288,0.679859,0.679875,-0.188189,0.8853,0.649043,0.63903,0.001605,0.2637,0.761624,0.706739,-0.215144,0.8502,0.651971,0.629968,-0.019388,0.2754,0.764594,0.678886,-0.207556,0.8496,0.645908,0.627926,0.009196,0.2618,0.728304,0.666438,-0.188653,0.8147,0.240505,0.738137,0.106937,0.9996,0.1996,0.790125,-0.104637,0.9994,0.670956,0.690752,0.198622,0.4393,0.661474,0.802812,-0.106544,0.8735,0.651556,0.849681,0.249745,0.1895,0.678172,0.823722,0.175655,0.1427,0.605803,0.87192,0.253788,0.2571,0.631815,0.825252,0.209812,0.2838,0.752999,0.864854,0.267657,0.1956,0.823426,0.824967,0.286635,0.1652
sukhasana_y107_0033,0.498567,0.1804,-0.217679,0.9992,0.521546,0.149078,-0.196545,0.9983,0.533586,0.149403,-0.195185,0.9984,0.545238,0.149977,-0.19556,0.9985,0.480691,0.147743,-0.199031,0.9981,0.46674,0.147171,-0.200028,0.9979,0.453881,0.147457,-0.199053,0.9979,0.563297,0.162106,-0.080391,0.9988,0.437731,0.160277,-0.106801,0.9978,0.519297,0.218769,-0.178407,0.9993,0.473423,0.217331,-0.18278,0.9993,0.647043,0.362878,-0.05031,0.999,0.341581,0.350748,-0.087169,0.9972,0.728026,0.616482,-0.06105,0.927,0.283725,0.627697,-0.081991,0.9498,0.900793,0.711204,-0.174009,0.9028,0.098359,0.669045,-0.186079,0.9328,0.957512,0.734312,-0.189065,0.8814,0.039806,0.680993,-0.188788,0.9176,0.965291,0.726619,-0.224048,0.9008,0.022643,0.667182,-0.215775,0.9336,0.944749,0.722735,-0.187923,0.9145,0.046408,0.662785,-0.200603,0.9398,0.579113,0.776068,0.010903,0.996,0.383421,0.772245,-0.009474,0.9934,0.873261,0.787561,-0.249241,0.965,0.135483,0.730022,-0.266764,0.978,0.507316,0.881899,-0.088119,0.8308,0.493508,0.912525,-0.147025,0.9206,0.483126,0.851237,-0.064589,0.6765,0.523016,0.878155,-0.127061,0.7742,0.349181,0.895435,-0.106237,0.7869,0.675106,0.948527,-0.178986,0.8778
sukhasana_y107_0034,0.50049,0.175437,-0.202237,0.9997,0.520707,0.143238,-0.182173,0.9992,0.534006,0.142682,-0.180876,0.9992,0.547257,0.142422,-0.181302,0.9993,0.478637,0.145569,-0.184177,0.999,0.464082,0.147093,-0.185323,0.9989,0.451235,0.148742,-0.184269,0.9989,0.571112,0.16072,-0.068779,0.9995,0.436064,0.171056,-0.089806,0.9989,0.527331,0.218733,-0.163565,0.9998,0.47821,0.223326,-0.166653,0.9998,0.683002,0.390223,-0.052443,0.9997,0.345311,0.41246,-0.079649,0.9991,0.737206,0.689221,-0.082483,0.9624,0.307737,0.720154,-0.104274,0.9719,0.915703,0.802564,-0.234089,0.9712,0.132614,0.828136,-0.269117,0.9754,0.964393,0.820597,-0.257111,0.9644,0.072679,0.847281,-0.285306,0.9234,0.968626,0.802236,-0.291513,0.9709,0.067023,0.831291,-0.312393,0.9354,0.947801,0.795975,-0.248609,0.9738,0.085962,0.81996,-0.285517,0.9645,0.63142,0.915143,0.004867,0.995,0.417209,0.920778,-0.003928,0.9947,0.893132,0.913206,-0.258559,0.8845,0.120201,0.902757,-0.26998,0.8769,0.470932,0.966604,-0.118586,0.4668,0.534533,0.978714,-0.127368,0.3707,0.438582,0.933247,-0.095448,0.3408,0.562902,0.938862,-0.103576,0.291,0.301341,1.011456,-0.128303,0.3725,0.731469,1.035831,-0.134734,0.3184
sukhasana_y107_0035,0.48226,0.174418,-0.206093,0.9997,0.511732,0.141526,-0.191446,0.9991,0.527245,0.140839,-0.190185,0.9991,0.542959,0.1412,-0.190704,0.9991,0.480411,0.142892,-0.182979,0.9992,0.473367,0.14293,-0.183972,0.9991,0.46811,0.143336,-0.183164,0.9992,0.580493,0.159484,-0.100997,0.9991,0.483052,0.159601,-0.075683,0.9995,0.512646,0.215952,-0.176325,0.9998,0.475822,0.215371,-0.166473,0.9998,0.718933,0.375309,-0.066445,0.9991,0.40243,0.370662,-0.050512,0.9997,0.758059,0.647851,-0.098951,0.866,0.327863,0.631286,-0.055971,0.9593,0.867653,0.682531,-0.257279,0.8346,0.165061,0.709,-0.213316,0.9606,0.928957,0.68893,-0.288786,0.8326,0.102261,0.710118,-0.22838,0.9063,0.935055,0.672663,-0.311224,0.8629,0.09384,0.696958,-0.255812,0.921,0.907537,0.672565,-0.269654,0.8891,0.123108,0.696748,-0.231322,0.9623,0.650653,0.806067,-0.00156,0.9963,0.462986,0.80218,0.002799,0.9962,0.813331,0.7459,-0.31451,0.9414,0.224801,0.746688,-0.236026,0.9621,0.405228,0.942289,-0.258433,0.8185,0.605649,0.931781,-0.174253,0.7305,0.367377,0.920234,-0.242155,0.7431,0.645929,0.912853,-0.158578,0.6583,0.251084,0.939544,-0.309649,0.7677,0.746315,0.956776,-0.208657,0.6901
sukhasana_y107_0036,0.520862,0.142358,-0.17681,0.9999,0.540913,0.115688,-0.153408,0.9997,0.551265,0.116704,-0.152167,0.9997,0.562065,0.117242,-0.15247,0.9997,0.499387,0.115327,-0.153932,0.9996,0.485074,0.115499,-0.154961,0.9996,0.472189,0.116444,-0.154088,0.9996,0.5792,0.138419,-0.042623,0.9998,0.452715,0.139972,-0.056328,0.9997,0.545623,0.183182,-0.141243,0.9999,0.495245,0.184924,-0.141985,0.9999,0.692428,0.379586,-0.030041,0.9996,0.358751,0.364339,-0.059944,0.9995,0.723997,0.642965,-0.058903,0.9245,0.309775,0.640345,-0.073583,0.9662,0.871496,0.823225,-0.194859,0.8773,0.128562,0.767167,-0.204375,0.9527,0.930349,0.846958,-0.217752,0.8545,0.069421,0.782182,-0.217181,0.9418,0.936052,0.841524,-0.247313,0.8766,0.05788,0.771514,-0.243526,0.9521,0.910569,0.8372,-0.208076,0.8962,0.077726,0.769975,-0.219801,0.956,0.601425,0.849557,0.007162,0.9982,0.381106,0.838357,-0.006046,0.9979,0.879381,0.908287,-0.289847,0.9467,0.135993,0.811337,-0.28659,0.9603,0.436979,0.96021,-0.135842,0.5356,0.527471,0.940168,-0.146174,0.5572,0.400414,0.92989,-0.11061,0.3996,0.554129,0.908797,-0.122535,0.4314,0.266874,0.961595,-0.145406,0.491,0.706207,0.991703,-0.156247,0.5163
sukhasana_y107_0037,0.510114,0.157183,-0.156761,0.9997,0.530705,0.121374,-0.136808,0.9993,0.541608,0.119986,-0.135574,0.9993,0.553292,0.119056,-0.136217,0.9994,0.484225,0.125561,-0.139206,0.9991,0.466056,0.126805,-0.14009,0.999,0.450659,0.128554,-0.138933,0.9989,0.567647,0.134197,-0.023174,0.9996,0.427319,0.143958,-0.046402,0.999,0.536169,0.188764,-0.118747,0.9999,0.477662,0.190607,-0.122414,0.9999,0.68774,0.329834,-0.006152,0.9999,0.300037,0.343626,-0.016914,0.9992,0.740809,0.56151,-0.051431,0.905,0.264345,0.576972,-0.064658,0.9078,0.871119,0.646705,-0.234022,0.9002,0.119026,0.627898,-0.284665,0.9282,0.925912,0.656878,-0.264421,0.9055,0.069681,0.633355,-0.301643,0.9399,0.931952,0.6411,-0.29387,0.9181,0.068608,0.616393,-0.332467,0.9497,0.912197,0.638506,-0.247416,0.9228,0.09346,0.61707,-0.301668,0.9531,0.612521,0.718304,0.007782,0.9997,0.394226,0.719036,-0.006492,0.9989,0.893235,0.729701,-0.322328,0.9917,0.121096,0.712342,-0.302857,0.9874,0.425606,0.863202,-0.210673,0.8773,0.608717,0.892451,-0.254642,0.9534,0.386284,0.835653,-0.19099,0.8462,0.63125,0.867031,-0.238986,0.8839,0.269537,0.888315,-0.249258,0.8782,0.804407,0.924409,-0.297884,0.9332
sukhasana_y107_0038,0.484186,0.165557,-0.168078,0.9998,0.513603,0.132087,-0.146684,0.9995,0.528622,0.132981,-0.145508,0.9995,0.543886,0.134492,-0.146028,0.9996,0.457153,0.13343,-0.145087,0.9995,0.437205,0.134801,-0.146067,0.9995,0.419238,0.136216,-0.145206,0.9995,0.566138,0.154435,-0.037136,0.9997,0.399396,0.15769,-0.04084,0.9996,0.518139,0.208483,-0.133568,0.9999,0.447129,0.208062,-0.131749,0.9999,0.702651,0.38223,-0.029141,0.9998,0.275493,0.383736,-0.031549,0.9997,0.73559,0.627539,-0.083844,0.966,0.230963,0.632582,-0.076135,0.9524,0.836126,0.731847,-0.274114,0.9599,0.10838,0.705997,-0.278397,0.961,0.90123,0.752272,-0.313823,0.9512,0.058654,0.723233,-0.302435,0.958,0.903514,0.741418,-0.335882,0.9581,0.060345,0.706434,-0.328057,0.9648,0.876287,0.738431,-0.285354,0.9586,0.078373,0.704994,-0.294477,0.9664,0.581194,0.827547,0.010255,0.9983,0.327582,0.821202,-0.00903,0.998,0.836768,0.838151,-0.300441,0.8994,0.084691,0.759535,-0.312882,0.9503,0.322179,0.926827,-0.186657,0.6818,0.620798,0.972254,-0.260498,0.8529,0.2838,0.897974,-0.164652,0.5665,0.662954,0.957405,-0.244498,0.7347,0.110059,0.948261,-0.209486,0.6114,0.845057,0.979352,-0.299437,0.7949
sukhasana_y107_0039,0.634392,0.151191,-0.008765,0.9998,0.661821,0.126703,0.007691,0.9995,0.682419,0.127104,0.00885,0.9994,0.700071,0.127249,0.008065,0.9993,0.614447,0.127623,0.015901,0.9995,0.604135,0.128758,0.014871,0.9994,0.591467,0.130035,0.016536,0.9994,0.733575,0.139556,0.10096,0.9995,0.586906,0.152542,0.128217,0.9996,0.67722,0.182872,0.021004,0.9999,0.615341,0.183248,0.030954,0.9998,0.853131,0.342524,0.099312,0.9994,0.480383,0.320522,0.135893,0.9993,0.890196,0.572011,0.011803,0.979,0.331686,0.533617,0.006857,0.9827,0.634985,0.461115,-0.071212,0.9726,0.550888,0.455297,-0.169205,0.9714,0.600887,0.414977,-0.069562,0.9311,0.586913,0.410341,-0.169437,0.9283,0.610725,0.397125,-0.052591,0.923,0.591595,0.394244,-0.139607,0.9057,0.618098,0.411022,-0.056857,0.9102,0.586616,0.40588,-0.156259,0.8872,0.714578,0.715736,-0.003104,0.9996,0.480273,0.69686,0.003995,0.9993,0.928309,0.777151,-0.375328,0.9898,0.107248,0.723515,-0.245909,0.9775,0.342069,0.892748,-0.302311,0.8279,0.631904,0.874542,-0.235314,0.8208,0.302931,0.869581,-0.28424,0.8245,0.686141,0.858901,-0.221467,0.6657,0.115816,0.88233,-0.339716,0.87,0.783625,0.932548,-0.261387,0.7968
sukhasana_y107_0040,0.462135,0.181184,-0.198509,0.9999,0.488405,0.146599,-0.182129,0.9996,0.503075,0.145852,-0.180817,0.9996,0.514733,0.145184,-0.181533,0.9996,0.443158,0.147283,-0.179645,0.9996,0.428597,0.146784,-0.180676,0.9995,0.416832,0.146564,-0.179737,0.9995,0.538095,0.153626,-0.078801,0.9997,0.408646,0.156915,-0.080306,0.9996,0.493565,0.212853,-0.163876,0.9999,0.436752,0.211204,-0.161368,0.9999,0.669818,0.35736,-0.059668,0.9999,0.317146,0.35485,-0.068483,0.9996,0.733426,0.586609,-0.095551,0.9659,0.274058,0.592477,-0.086833,0.9614,0.913988,0.745455,-0.226634,0.9211,0.098903,0.758088,-0.227958,0.9299,0.975438,0.782584,-0.245921,0.9005,0.050178,0.792664,-0.238009,0.9244,0.980111,0.777267,-0.279925,0.9149,0.043374,0.785128,-0.265455,0.9356,0.952187,0.767169,-0.240074,0.9323,0.06167,0.776298,-0.243006,0.9415,0.601606,0.762738,0.007929,0.9995,0.368211,0.759913,-0.006583,0.9991,0.82172,0.803824,-0.328945,0.9766,0.081489,0.81108,-0.25754,0.9622,0.333807,0.935532,-0.225303,0.7895,0.563987,0.893596,-0.15044,0.6142,0.305621,0.910512,-0.204702,0.7231,0.581743,0.868269,-0.129749,0.5159,0.133762,0.945181,-0.267484,0.7646,0.758649,0.918199,-0.169324,0.5733
sukhasana_y107_0041,0.626538,0.152055,-0.162185,0.9968,0.662571,0.122426,-0.153952,0.9937,0.683888,0.123977,-0.152568,0.9947,0.703108,0.12571,-0.153989,0.9954,0.616461,0.120529,-0.141537,0.9891,0.605684,0.121066,-0.142458,0.9864,0.593995,0.12215,-0.141333,0.9854,0.74117,0.143695,-0.089965,0.9973,0.5955,0.141459,-0.040275,0.9864,0.664654,0.193329,-0.142132,0.9985,0.607772,0.190791,-0.126261,0.9952,0.868319,0.336642,-0.12829,0.9997,0.524984,0.349111,0.02286,0.973,0.852855,0.58048,-0.179374,0.9923,0.426279,0.590014,0.012873,0.8676,0.80061,0.800835,-0.263233,0.9754,0.187225,0.700085,-0.108717,0.7385,0.808068,0.880796,-0.292801,0.8852,0.104301,0.72203,-0.112892,0.509,0.760927,0.867921,-0.315694,0.8993,0.09674,0.714209,-0.142951,0.5411,0.747361,0.843183,-0.271108,0.9558,0.130684,0.708083,-0.12656,0.6834,0.765816,0.746608,-0.045343,0.9987,0.580133,0.719641,0.046733,0.9879,0.748287,0.819532,-0.332857,0.6452,0.17847,0.777882,-0.096351,0.1586,0.479729,0.938111,-0.153696,0.2919,0.667222,0.892135,-0.042953,0.1992,0.487173,0.948497,-0.130703,0.332,0.728985,0.855877,-0.030939,0.2419,0.270929,0.952662,-0.179419,0.2531,0.831884,0.949693,-0.075955,0.1267
sukhasana_y107_0042,0.45871,0.144905,-0.136079,0.9999,0.486005,0.120463,-0.113297,0.9997,0.503881,0.121081,-0.112033,0.9997,0.516095,0.121416,-0.112766,0.9997,0.433928,0.119734,-0.113065,0.9996,0.417318,0.119802,-0.113795,0.9995,0.407975,0.119673,-0.112892,0.9995,0.541308,0.141413,-0.00614,0.9998,0.391809,0.142003,-0.017051,0.9995,0.493316,0.181447,-0.10268,0.9999,0.428795,0.178532,-0.103083,0.9999,0.648942,0.342117,-0.007482,0.9999,0.282454,0.333135,0.003825,0.9989,0.691208,0.55406,-0.055072,0.9333,0.223308,0.540103,-0.027426,0.902,0.790092,0.683356,-0.21906,0.9385,0.099957,0.668606,-0.196535,0.8817,0.840109,0.718419,-0.249296,0.9347,0.052269,0.704831,-0.211284,0.8957,0.831336,0.711908,-0.277559,0.94,0.068837,0.698355,-0.238833,0.9076,0.809053,0.70145,-0.230985,0.9427,0.088956,0.689072,-0.211247,0.9159,0.587597,0.712699,0.006712,0.9999,0.347481,0.706338,-0.005253,0.9996,0.890799,0.795584,-0.335656,0.9841,0.032567,0.772757,-0.247755,0.965,0.337855,0.896422,-0.214116,0.7886,0.557976,0.868779,-0.16999,0.7461,0.306373,0.864127,-0.193188,0.7398,0.597735,0.842706,-0.153735,0.6312,0.140533,0.927713,-0.253061,0.772,0.748842,0.917151,-0.20634,0.7112
sukhasana_y107_0043,0.42389,0.132833,-0.281646,0.9994,0.439139,0.101174,-0.267052,0.9987,0.452278,0.099772,-0.265801,0.9986,0.464409,0.098471,-0.266849,0.9984,0.395555,0.100839,-0.277367,0.9987,0.374873,0.099587,-0.278857,0.9986,0.356732,0.098905,-0.277711,0.9986,0.467528,0.104722,-0.147764,0.9988,0.318726,0.111572,-0.206484,0.9987,0.443567,0.167133,-0.236361,0.9996,0.388812,0.165784,-0.250411,0.9998,0.529659,0.273793,-0.057204,0.9996,0.17658,0.299758,-0.172262,0.999,0.591535,0.513085,-0.021232,0.8925,0.142096,0.569511,-0.15039,0.9631,0.772801,0.654363,-0.084984,0.7546,0.092922,0.777673,-0.228553,0.8583,0.86724,0.708795,-0.090058,0.745,0.05192,0.831075,-0.237342,0.8218,0.867947,0.711521,-0.136081,0.7698,0.07407,0.835822,-0.271633,0.8351,0.821571,0.702865,-0.101474,0.7901,0.098145,0.817135,-0.243998,0.8809,0.473795,0.65975,0.043509,0.9995,0.296161,0.690989,-0.042344,0.9985,0.881403,0.757879,-0.156498,0.8485,0.320328,0.862153,-0.301888,0.7624,0.484205,0.845354,-0.041355,0.3963,0.464984,0.835955,-0.021518,0.0844,0.422751,0.818676,-0.024596,0.3719,0.453343,0.797149,0.017814,0.1558,0.385038,0.897546,-0.045963,0.263,0.583232,0.871731,0.047058,0.0854
sukhasana_y107_0044,0.510654,0.201325,-0.05877,0.9997,0.547085,0.168469,-0.039415,0.9991,0.564708,0.168635,-0.038394,0.9988,0.584135,0.169413,-0.038883,0.9987,0.479031,0.171386,-0.038023,0.9994,0.455136,0.172824,-0.039219,0.9994,0.434895,0.17517,-0.037719,0.9995,0.61747,0.190287,0.068225,0.9987,0.413088,0.195988,0.065035,0.9997,0.553067,0.243205,-0.022733,0.9995,0.472724,0.243246,-0.021268,0.9998,0.767049,0.403822,0.08329,0.997,0.278272,0.390205,0.056435,0.9989,0.909022,0.641678,-0.004873,0.9736,0.081762,0.636031,-0.024231,0.9846,0.567452,0.631695,-0.151775,0.9429,0.448383,0.631718,-0.176578,0.9811,0.505739,0.592722,-0.165204,0.8859,0.509296,0.600254,-0.184769,0.9567,0.498853,0.568563,-0.155899,0.8804,0.509132,0.580262,-0.175371,0.9525,0.511829,0.579816,-0.142067,0.8584,0.49617,0.589064,-0.170882,0.941,0.649204,0.855472,-0.000391,0.9904,0.331735,0.857006,0.001224,0.9908,1.148688,0.856133,-0.227054,0.7245,-0.114342,0.819118,-0.247264,0.8328,0.47134,0.937577,-0.098226,0.5181,0.494227,0.961435,-0.138648,0.6442,0.421712,0.895782,-0.075245,0.3899,0.530505,0.934152,-0.115331,0.5572,0.209596,0.916493,-0.112895,0.4171,0.739542,0.977085,-0.157615,0.5267
sukhasana_y107_0045,0.485802,0.145979,-0.23006,0.9999,0.511002,0.115426,-0.214923,0.9997,0.524046,0.114996,-0.213891,0.9997,0.53376,0.11489,-0.214723,0.9997,0.464258,0.11783,-0.215082,0.9997,0.452578,0.118992,-0.216206,0.9996,0.442437,0.120134,-0.214886,0.9996,0.554657,0.129413,-0.111934,0.9998,0.430962,0.137373,-0.120294,0.9997,0.512812,0.181329,-0.194059,1.0,0.461145,0.18369,-0.193692,0.9999,0.659483,0.324737,-0.077249,0.9999,0.335176,0.324157,-0.087361,0.9997,0.756141,0.526774,-0.105461,0.9822,0.236498,0.524117,-0.106974,0.9831,0.874496,0.725915,-0.207442,0.9068,0.125719,0.72234,-0.217941,0.9131,0.928847,0.783236,-0.218257,0.8538,0.066624,0.782493,-0.213666,0.8906,0.908271,0.791118,-0.258418,0.876,0.092288,0.793954,-0.248514,0.9048,0.886906,0.773277,-0.221038,0.9101,0.123847,0.774071,-0.232316,0.9243,0.591588,0.720432,0.006607,0.9997,0.411062,0.710691,-0.005195,0.9994,0.785128,0.802857,-0.31541,0.9797,0.171781,0.753449,-0.276994,0.9658,0.392609,0.9132,-0.191052,0.6655,0.557774,0.902297,-0.188118,0.8423,0.359254,0.870374,-0.169746,0.6596,0.607232,0.872741,-0.167592,0.7489,0.234554,0.917882,-0.223647,0.6779,0.70879,0.937757,-0.212304,0.7803
sukhasana_y107_0047,0.440444,0.153601,-0.180668,0.9995,0.460247,0.129892,-0.155684,0.9988,0.472667,0.132078,-0.154528,0.9988,0.484058,0.134814,-0.154803,0.999,0.419389,0.125411,-0.159834,0.9986,0.401973,0.125436,-0.160854,0.9984,0.38386,0.127089,-0.160054,0.9984,0.492685,0.154524,-0.03972,0.9993,0.353316,0.150343,-0.075694,0.9985,0.456807,0.194032,-0.14304,0.9996,0.4084,0.188388,-0.149928,0.9996,0.587932,0.38138,-0.02038,0.9993,0.232875,0.354855,-0.082815,0.9982,0.63544,0.641247,-0.048383,0.8884,0.209225,0.609553,-0.140662,0.8665,0.837245,0.746007,-0.202347,0.9096,0.141242,0.672509,-0.318437,0.8724,0.914741,0.770495,-0.224591,0.9063,0.107904,0.697364,-0.342363,0.8774,0.928413,0.755765,-0.260776,0.9193,0.113259,0.681661,-0.354478,0.8914,0.899774,0.749387,-0.217916,0.9192,0.129136,0.677695,-0.328394,0.8945,0.521001,0.817606,0.020694,0.9985,0.277074,0.800785,-0.019389,0.999,0.948972,0.854819,-0.190894,0.9512,0.085678,0.756026,-0.308961,0.9823,0.428451,0.912605,-0.077032,0.5445,0.484114,0.927356,-0.163725,0.8011,0.37536,0.882832,-0.057337,0.3971,0.507921,0.903129,-0.140472,0.7001,0.229823,0.922734,-0.092398,0.4965,0.70659,0.930604,-0.17943,0.7527
sukhasana_y107_0049,0.522107,0.197568,-0.322756,0.9991,0.54758,0.165846,-0.310332,0.9981,0.557587,0.16614,-0.308999,0.9984,0.569272,0.166662,-0.309842,0.9986,0.509052,0.163991,-0.312856,0.9975,0.497522,0.162619,-0.314074,0.9973,0.486725,0.161373,-0.313128,0.9972,0.58602,0.177939,-0.202393,0.999,0.475547,0.17126,-0.219959,0.9975,0.544846,0.23293,-0.282322,0.9995,0.500733,0.230968,-0.284657,0.9994,0.677537,0.38739,-0.15452,0.9996,0.377708,0.361397,-0.18639,0.9987,0.746801,0.655577,-0.172897,0.9671,0.298629,0.64873,-0.192765,0.9727,0.922843,0.80951,-0.27693,0.8826,0.090772,0.80019,-0.295609,0.8572,0.967326,0.87556,-0.292698,0.8193,0.038745,0.862471,-0.298742,0.6549,0.96438,0.872831,-0.335305,0.8194,0.041946,0.861913,-0.337585,0.6639,0.948194,0.855906,-0.294494,0.8992,0.056781,0.844665,-0.314088,0.7771,0.594371,0.807715,0.004328,0.9983,0.402088,0.807498,-0.003091,0.9969,0.878181,0.898893,-0.224214,0.9534,0.111361,0.895663,-0.241425,0.8745,0.548359,0.940088,-0.05579,0.4084,0.482732,0.942055,-0.066919,0.3013,0.523744,0.884126,-0.033055,0.3611,0.504457,0.902952,-0.0418,0.232,0.430381,0.95016,-0.052663,0.3101,0.615701,0.989086,-0.073353,0.2565
sukhasana_y107_0050,0.529706,0.159451,-0.174888,0.9998,0.552967,0.128163,-0.156081,0.9994,0.562983,0.128468,-0.154744,0.9995,0.574144,0.128831,-0.155163,0.9995,0.510469,0.12875,-0.156299,0.9993,0.496115,0.129275,-0.157205,0.9992,0.484043,0.130688,-0.156134,0.9992,0.591991,0.146696,-0.048035,0.9996,0.468458,0.150164,-0.063635,0.9992,0.552761,0.194899,-0.138453,0.9999,0.502048,0.194245,-0.139973,0.9998,0.682174,0.363552,-0.039174,0.9998,0.368917,0.361818,-0.052397,0.9995,0.694964,0.625507,-0.069991,0.9,0.330065,0.620189,-0.062063,0.9416,0.849871,0.71887,-0.211396,0.9111,0.149394,0.727786,-0.202431,0.9266,0.907259,0.732683,-0.231651,0.9144,0.095009,0.749121,-0.204262,0.9277,0.921029,0.719325,-0.264663,0.9282,0.084289,0.735135,-0.236599,0.9413,0.892607,0.718242,-0.225423,0.9372,0.104483,0.72766,-0.218673,0.9507,0.606271,0.794662,0.006722,0.9996,0.421005,0.792954,-0.005486,0.999,0.845702,0.809163,-0.30135,0.9932,0.171617,0.79612,-0.283173,0.9913,0.449747,0.918303,-0.152571,0.8921,0.569347,0.930565,-0.173498,0.9302,0.422179,0.888123,-0.128614,0.8185,0.592273,0.90127,-0.150955,0.8498,0.297057,0.948223,-0.180092,0.8623,0.748466,0.94272,-0.19091,0.8977
