image_id,pose,variant,source,split,quality,fault,licence,image,image_in_repo,width,height,usable,torso_visibility,min_visibility,left_knee_angle,right_knee_angle,left_elbow_angle,right_elbow_angle,left_shoulder_angle,right_shoulder_angle,left_hip_angle,right_hip_angle,left_arm_raise,right_arm_raise,knee_bent,knee_straight,elbow_bent,elbow_straight,arm_raise_high,arm_raise_low,hip_angle_min,hip_angle_max,arm_torso_min,arm_torso_max,hip_angle_vis,knee_angle_vis,elbow_angle_vis,arm_torso_vis,spine_tilt,spine_tilt_signed,neck_dev,shoulder_level,hip_level,thigh_level,hip_rise,head_drop,stance_width,frontality,NOSE_x,NOSE_y,NOSE_z,NOSE_vis,LEFT_EYE_INNER_x,LEFT_EYE_INNER_y,LEFT_EYE_INNER_z,LEFT_EYE_INNER_vis,LEFT_EYE_x,LEFT_EYE_y,LEFT_EYE_z,LEFT_EYE_vis,LEFT_EYE_OUTER_x,LEFT_EYE_OUTER_y,LEFT_EYE_OUTER_z,LEFT_EYE_OUTER_vis,RIGHT_EYE_INNER_x,RIGHT_EYE_INNER_y,RIGHT_EYE_INNER_z,RIGHT_EYE_INNER_vis,RIGHT_EYE_x,RIGHT_EYE_y,RIGHT_EYE_z,RIGHT_EYE_vis,RIGHT_EYE_OUTER_x,RIGHT_EYE_OUTER_y,RIGHT_EYE_OUTER_z,RIGHT_EYE_OUTER_vis,LEFT_EAR_x,LEFT_EAR_y,LEFT_EAR_z,LEFT_EAR_vis,RIGHT_EAR_x,RIGHT_EAR_y,RIGHT_EAR_z,RIGHT_EAR_vis,MOUTH_LEFT_x,MOUTH_LEFT_y,MOUTH_LEFT_z,MOUTH_LEFT_vis,MOUTH_RIGHT_x,MOUTH_RIGHT_y,MOUTH_RIGHT_z,MOUTH_RIGHT_vis,LEFT_SHOULDER_x,LEFT_SHOULDER_y,LEFT_SHOULDER_z,LEFT_SHOULDER_vis,RIGHT_SHOULDER_x,RIGHT_SHOULDER_y,RIGHT_SHOULDER_z,RIGHT_SHOULDER_vis,LEFT_ELBOW_x,LEFT_ELBOW_y,LEFT_ELBOW_z,LEFT_ELBOW_vis,RIGHT_ELBOW_x,RIGHT_ELBOW_y,RIGHT_ELBOW_z,RIGHT_ELBOW_vis,LEFT_WRIST_x,LEFT_WRIST_y,LEFT_WRIST_z,LEFT_WRIST_vis,RIGHT_WRIST_x,RIGHT_WRIST_y,RIGHT_WRIST_z,RIGHT_WRIST_vis,LEFT_PINKY_x,LEFT_PINKY_y,LEFT_PINKY_z,LEFT_PINKY_vis,RIGHT_PINKY_x,RIGHT_PINKY_y,RIGHT_PINKY_z,RIGHT_PINKY_vis,LEFT_INDEX_x,LEFT_INDEX_y,LEFT_INDEX_z,LEFT_INDEX_vis,RIGHT_INDEX_x,RIGHT_INDEX_y,RIGHT_INDEX_z,RIGHT_INDEX_vis,LEFT_THUMB_x,LEFT_THUMB_y,LEFT_THUMB_z,LEFT_THUMB_vis,RIGHT_THUMB_x,RIGHT_THUMB_y,RIGHT_THUMB_z,RIGHT_THUMB_vis,LEFT_HIP_x,LEFT_HIP_y,LEFT_HIP_z,LEFT_HIP_vis,RIGHT_HIP_x,RIGHT_HIP_y,RIGHT_HIP_z,RIGHT_HIP_vis,LEFT_KNEE_x,LEFT_KNEE_y,LEFT_KNEE_z,LEFT_KNEE_vis,RIGHT_KNEE_x,RIGHT_KNEE_y,RIGHT_KNEE_z,RIGHT_KNEE_vis,LEFT_ANKLE_x,LEFT_ANKLE_y,LEFT_ANKLE_z,LEFT_ANKLE_vis,RIGHT_ANKLE_x,RIGHT_ANKLE_y,RIGHT_ANKLE_z,RIGHT_ANKLE_vis,LEFT_HEEL_x,LEFT_HEEL_y,LEFT_HEEL_z,LEFT_HEEL_vis,RIGHT_HEEL_x,RIGHT_HEEL_y,RIGHT_HEEL_z,RIGHT_HEEL_vis,LEFT_FOOT_INDEX_x,LEFT_FOOT_INDEX_y,LEFT_FOOT_INDEX_z,LEFT_FOOT_INDEX_vis,RIGHT_FOOT_INDEX_x,RIGHT_FOOT_INDEX_y,RIGHT_FOOT_INDEX_z,RIGHT_FOOT_INDEX_vis
balasana_y107_0001,balasana,,Y107,train,unlabelled,,not stated by the host (web photographs); included for research and education,data/datasets/yoga107/balasana/001.jpg,True,527,268,True,0.9996,0.0238,22.485,27.128,177.849,173.895,19.841,17.599,21.012,21.105,103.014,101.905,22.485,27.128,173.895,177.849,101.905,103.014,21.012,21.105,20.186,20.839,21.012,22.485,177.849,20.839,98.048,-98.048,15.052,82.038,56.538,28.837,0.14,0.3346,0.0441,0.0897,0.264717,0.784228,-0.034077,0.9986,0.231907,0.770991,-0.056557,0.9986,0.229913,0.763676,-0.055929,0.9984,0.227593,0.755668,-0.056517,0.9989,0.232479,0.773341,-0.022243,0.9987,0.230751,0.767198,-0.023386,0.9984,0.228426,0.7601,-0.022675,0.9991,0.225794,0.656779,-0.118273,0.9987,0.225852,0.661591,0.029076,0.9983,0.288678,0.736777,-0.058976,0.9977,0.288963,0.741304,-0.014728,0.9986,0.386092,0.560953,-0.181368,0.9999,0.381233,0.492644,0.112007,0.9996,0.643883,0.668853,-0.214793,0.797,0.633153,0.573922,0.13052,0.0876,0.864829,0.77853,-0.142085,0.9302,0.81421,0.672139,0.100428,0.2561,0.923484,0.785277,-0.174652,0.9174,0.864611,0.699293,0.099848,0.2519,0.925684,0.7881,-0.15946,0.9124,0.867216,0.70638,0.083608,0.244,0.905285,0.780177,-0.138635,0.8766,0.858421,0.708821,0.087121,0.2407,0.782663,0.453783,-0.087013,0.9998,0.759351,0.384425,0.088367,0.9996,0.46943,0.792922,-0.074384,0.5563,0.458975,0.717062,0.199038,0.0352,0.790393,0.722665,0.100794,0.4619,0.783051,0.691936,0.285473,0.0238,0.805757,0.670938,0.117457,0.3951,0.804208,0.630203,0.284874,0.0451,0.868066,0.765947,0.194866,0.5118,0.855599,0.741638,0.331588,0.0358
balasana_y107_0003,balasana,,Y107,train,unlabelled,,not stated by the host (web photographs); included for research and education,data/datasets/yoga107/balasana/003.jpg,True,282,261,True,0.99,0.0258,170.245,129.133,123.837,159.64,155.2,116.447,0.167,4.576,171.185,92.402,129.133,170.245,123.837,159.64,92.402,171.185,0.167,4.576,106.831,176.707,0.167,170.245,123.837,176.707,166.68,166.68,7.261,40.055,25.221,70.995,0.9731,0.3794,0.1615,0.3735,0.519069,0.649433,-0.180152,0.9996,0.515472,0.667105,-0.204093,0.9996,0.519729,0.661985,-0.203602,0.9996,0.52732,0.655458,-0.203404,0.9996,0.505382,0.675963,-0.192243,0.9995,0.502425,0.676592,-0.193302,0.9993,0.500456,0.678785,-0.192703,0.9994,0.518686,0.62137,-0.241265,0.9987,0.475151,0.661221,-0.201669,0.9995,0.517253,0.610374,-0.185655,0.9993,0.502461,0.621517,-0.172904,0.9996,0.531868,0.469883,-0.230937,0.9985,0.436773,0.556266,-0.149798,0.9997,0.63694,0.621042,-0.324539,0.8462,0.656444,0.606795,-0.128495,0.6155,0.579198,0.799642,-0.426372,0.9602,0.85558,0.575245,-0.205488,0.9253,0.584881,0.854521,-0.477277,0.9535,0.902125,0.582741,-0.227858,0.8847,0.569957,0.845799,-0.482386,0.9548,0.904413,0.578724,-0.259884,0.9013,0.566212,0.832098,-0.43314,0.9473,0.891428,0.571023,-0.223805,0.9075,0.465184,0.13404,-0.020479,0.9941,0.350165,0.192575,0.021048,0.99,0.521283,0.420635,0.192638,0.1611,0.424409,0.425478,0.27037,0.0258,0.523202,0.474943,0.462826,0.3519,0.476563,0.44613,0.55052,0.0534,0.52339,0.458841,0.485545,0.2268,0.480894,0.441147,0.575169,0.0488,0.526495,0.573142,0.41099,0.3634,0.511412,0.486089,0.522974,0.1016
balasana_y107_0004,balasana,,Y107,holdout,unlabelled,,not stated by the host (web photographs); included for research and education,data/datasets/yoga107/balasana/004.jpg,True,419,230,True,0.9981,0.0831,142.59,131.304,1.497,49.959,3.938,30.256,111.281,106.68,68.355,68.67,131.304,142.59,1.497,49.959,68.355,68.67,106.68,111.281,1.575,2.159,111.281,142.59,1.497,2.159,111.792,-111.792,6.881,85.399,12.618,44.915,0.3712,0.0206,0.0199,0.0681,0.133947,0.66146,0.267531,0.9293,0.120104,0.676156,0.258907,0.9457,0.118947,0.678425,0.259787,0.9365,0.117878,0.680574,0.259574,0.9513,0.122658,0.670701,0.258682,0.9633,0.12344,0.669987,0.257822,0.9571,0.124147,0.669169,0.258628,0.9588,0.121264,0.684969,0.240401,0.9559,0.129755,0.667947,0.222766,0.976,0.142932,0.657918,0.260478,0.954,0.14641,0.655318,0.256251,0.9618,0.175097,0.667096,0.158935,0.9992,0.173826,0.638328,0.189998,0.9981,0.220823,0.636997,0.131083,0.3765,0.192812,0.597093,0.132788,0.2454,0.195754,0.652162,0.17923,0.0988,0.195316,0.623041,0.057502,0.0831,0.190789,0.698543,0.18586,0.0825,0.201238,0.634561,0.062348,0.0803,0.181298,0.680451,0.191012,0.0805,0.20251,0.638042,0.062951,0.077,0.188611,0.67095,0.184387,0.0874,0.201433,0.629944,0.058107,0.0871,0.389275,0.494976,-0.002195,0.9999,0.391528,0.495895,0.00322,0.9999,0.505544,0.706164,-0.091962,0.8791,0.481029,0.716764,-0.125212,0.7052,0.734843,0.761202,-0.240803,0.709,0.738785,0.756766,-0.266025,0.6695,0.756771,0.754079,-0.250586,0.793,0.781129,0.752364,-0.28096,0.7831,0.829728,0.799215,-0.274405,0.6269,0.8367,0.754857,-0.358575,0.5277
balasana_y107_0005,balasana,,Y107,train,unlabelled,,not stated by the host (web photographs); included for research and education,data/datasets/yoga107/balasana/005.jpg,True,403,128,True,0.9946,0.073,21.525,25.512,159.059,164.346,157.503,163.544,16.614,16.071,106.328,105.183,21.525,25.512,159.059,164.346,105.183,106.328,16.071,16.614,168.84,171.6,16.614,21.525,159.059,168.84,95.963,-95.963,39.829,1.32,89.159,21.781,0.1039,0.2603,0.0251,0.0335,0.473064,0.809785,-0.032596,0.9956,0.450364,0.80094,-0.059144,0.9977,0.448701,0.793219,-0.058186,0.9976,0.446878,0.785931,-0.058286,0.9979,0.450521,0.801854,-0.024749,0.9965,0.449128,0.794494,-0.025846,0.9955,0.447659,0.78786,-0.025535,0.9956,0.43798,0.693689,-0.120157,0.9958,0.440159,0.703986,0.02413,0.9941,0.483172,0.759514,-0.051991,0.9882,0.483332,0.760548,-0.01014,0.9894,0.486826,0.525887,-0.151804,0.9987,0.498443,0.525044,0.089135,0.9946,0.33788,0.771724,-0.243147,0.9865,0.35138,0.723869,0.18612,0.073,0.141081,0.844772,-0.199182,0.9801,0.183236,0.794367,0.091822,0.4263,0.110394,0.858846,-0.228224,0.9722,0.124586,0.813068,0.091524,0.5973,0.10882,0.835978,-0.202514,0.9693,0.121763,0.812198,0.071821,0.6079,0.114577,0.835727,-0.188659,0.9554,0.129932,0.819245,0.077331,0.6009,0.837616,0.426005,-0.099489,0.9979,0.837747,0.397971,0.100458,0.995,0.573093,0.758801,-0.112022,0.941,0.586955,0.730768,0.175711,0.078,0.846274,0.754945,0.039269,0.9281,0.853621,0.769743,0.280543,0.1339,0.862951,0.691155,0.05596,0.9276,0.867133,0.708771,0.283825,0.1706,0.955654,0.805139,0.102197,0.9016,0.961011,0.816366,0.311081,0.1897
balasana_y107_0006,balasana,,Y107,train,unlabelled,,not stated by the host (web photographs); included for research and education,data/datasets/yoga107/balasana/006.jpg,True,762,346,True,0.9972,0.0373,30.341,23.257,177.68,164.171,19.098,29.148,16.939,11.978,102.254,101.685,23.257,30.341,164.171,177.68,101.685,102.254,11.978,16.939,20.106,22.098,11.978,23.257,164.171,22.098,99.16,99.16,22.245,88.365,68.042,22.392,0.1592,0.2607,0.0772,0.1465,0.739926,0.848475,-0.002549,0.9951,0.772569,0.840118,0.008868,0.9925,0.775711,0.831947,0.009727,0.9916,0.778961,0.823303,0.009357,0.9937,0.772466,0.841786,-0.021323,0.9932,0.775119,0.835273,-0.022189,0.9924,0.777794,0.82812,-0.021421,0.9949,0.787597,0.737273,0.076172,0.9945,0.784516,0.753693,-0.070554,0.9904,0.720282,0.803084,0.020445,0.9921,0.720067,0.799432,-0.019537,0.9927,0.673941,0.52187,0.160972,0.999,0.672085,0.665103,-0.148862,0.9998,0.421457,0.632431,0.144427,0.0373,0.42239,0.85161,-0.197737,0.7643,0.22921,0.73459,0.120306,0.1035,0.210638,0.87528,-0.16333,0.8312,0.179746,0.739367,0.138232,0.1301,0.142357,0.876159,-0.196086,0.8216,0.17434,0.744265,0.114701,0.1274,0.133804,0.884157,-0.173588,0.8189,0.186447,0.741578,0.111853,0.1282,0.152431,0.867433,-0.158291,0.781,0.243072,0.390994,0.103968,0.9973,0.225948,0.484534,-0.102692,0.9972,0.546982,0.700143,0.162094,0.0654,0.592636,0.81725,-0.06316,0.6921,0.230663,0.767821,0.252943,0.1208,0.211137,0.829934,0.059096,0.4437,0.206428,0.701687,0.26005,0.1493,0.189393,0.758855,0.069651,0.5019,0.097977,0.858678,0.317895,0.2064,0.068866,0.897761,0.130965,0.4571
balasana_y107_0007,balasana,,Y107,train,unlabelled,,not stated by the host (web photographs); included for research and education,data/datasets/yoga107/balasana/007.jpg,True,501,335,True,0.9993,0.071,23.932,25.859,163.253,174.731,33.879,18.02,18.941,27.864,104.67,101.021,23.932,25.859,163.253,174.731,101.021,104.67,18.941,27.864,20.447,26.573,18.941,23.932,163.253,26.573,100.699,-100.699,16.656,84.657,57.114,30.844,0.1856,0.3404,0.0784,0.1451,0.297229,0.696441,-0.044569,0.9973,0.264965,0.681267,-0.068245,0.998,0.263404,0.675683,-0.067604,0.9979,0.261126,0.668157,-0.068145,0.9985,0.264885,0.68173,-0.03499,0.9979,0.263147,0.676587,-0.036034,0.9973,0.261296,0.671559,-0.035307,0.9982,0.263604,0.60279,-0.125747,0.9985,0.262574,0.608432,0.014596,0.9966,0.319606,0.661825,-0.066036,0.9966,0.318491,0.664136,-0.023614,0.9977,0.38053,0.554752,-0.185034,0.9999,0.375757,0.478433,0.110296,0.9993,0.618029,0.698082,-0.216461,0.8973,0.606782,0.530648,0.139573,0.071,0.815751,0.725142,-0.13436,0.9384,0.800557,0.602163,0.125883,0.0982,0.871029,0.719265,-0.168439,0.9219,0.832519,0.618717,0.131302,0.0996,0.878123,0.721077,-0.151302,0.9155,0.842013,0.637169,0.118173,0.093,0.860186,0.719111,-0.130424,0.8703,0.827332,0.604885,0.114955,0.0959,0.735779,0.44276,-0.086422,0.9998,0.714808,0.394256,0.088092,0.9997,0.441058,0.705971,-0.07037,0.681,0.446034,0.700355,0.175648,0.0747,0.752719,0.649463,0.072862,0.6749,0.743425,0.610425,0.258602,0.0805,0.772409,0.624956,0.087289,0.5846,0.767077,0.586869,0.259115,0.1219,0.876233,0.676507,0.165107,0.7286,0.856904,0.641377,0.307226,0.1135
balasana_y107_0008,balasana,,Y107,holdout,unlabelled,,not stated by the host (web photographs); included for research and education,data/datasets/yoga107/balasana/008.jpg,True,846,393,True,0.9933,0.1486,33.285,30.886,173.224,171.452,167.027,170.209,21.368,17.847,110.679,106.99,30.886,33.285,171.452,173.224,106.99,110.679,17.847,21.368,170.405,174.405,17.847,30.886,171.452,174.405,101.244,101.244,40.79,61.424,38.965,29.242,0.195,0.2186,0.1278,0.1088,0.55224,0.86179,0.002015,0.9996,0.574546,0.848624,0.009556,0.9997,0.576407,0.844303,0.010543,0.9996,0.578408,0.839655,0.010404,0.9997,0.573325,0.846549,-0.017683,0.9995,0.574181,0.840732,-0.018652,0.9994,0.574903,0.83491,-0.018171,0.9996,0.586573,0.786126,0.06281,0.9997,0.577908,0.792929,-0.078245,0.9994,0.538275,0.838428,0.023206,0.9992,0.536729,0.834138,-0.016676,0.9988,0.553768,0.644995,0.123287,0.9989,0.534102,0.722718,-0.130144,0.9996,0.683444,0.769617,0.210055,0.3835,0.691124,0.853731,-0.189564,0.987,0.818253,0.8599,0.16366,0.7841,0.849561,0.930204,-0.105947,0.9861,0.865488,0.860011,0.169858,0.8111,0.896952,0.941496,-0.131363,0.9739,0.868506,0.869099,0.141218,0.8137,0.901617,0.92167,-0.099965,0.9722,0.854962,0.868032,0.152481,0.7982,0.882762,0.9101,-0.096176,0.9685,0.191965,0.492407,0.098933,0.9933,0.15432,0.557948,-0.097851,0.9957,0.413659,0.795881,0.147596,0.1486,0.399138,0.852991,-0.092471,0.9446,0.165254,0.803654,0.228754,0.1766,0.127944,0.869749,-0.001587,0.8726,0.139196,0.752303,0.232429,0.199,0.106998,0.800338,0.008929,0.8785,0.05977,0.863235,0.261873,0.2547,0.038199,0.894557,0.073787,0.8596
balasana_y107_0009,balasana,,Y107,train,unlabelled,,not stated by the host (web photographs); included for research and education,data/datasets/yoga107/balasana/009.jpg,True,483,179,True,0.9878,0.0977,28.47,23.901,152.382,151.629,154.086,154.557,20.732,17.595,108.513,107.205,23.901,28.47,151.629,152.382,107.205,108.513,17.595,20.732,167.753,169.529,17.595,23.901,151.629,169.529,96.503,96.503,38.775,87.386,67.021,24.329,0.1133,0.2336,0.0525,0.0845,0.522387,0.758591,-0.021285,0.9989,0.548448,0.748791,-0.009429,0.9988,0.549926,0.741937,-0.00842,0.9985,0.551613,0.733662,-0.008546,0.9987,0.548536,0.748031,-0.039016,0.9985,0.549755,0.740805,-0.03996,0.9983,0.551054,0.73229,-0.039583,0.9987,0.553856,0.643628,0.056224,0.9987,0.552471,0.654199,-0.095086,0.9984,0.506964,0.718642,0.003423,0.9962,0.506396,0.715881,-0.038883,0.9948,0.508333,0.482602,0.129778,0.9984,0.506904,0.567037,-0.153753,0.9993,0.635136,0.697899,0.217352,0.1438,0.643733,0.79933,-0.229151,0.9916,0.781495,0.729405,0.128316,0.6049,0.823557,0.831605,-0.149726,0.9902,0.820509,0.700792,0.13584,0.6841,0.878732,0.826485,-0.172789,0.9822,0.82677,0.712694,0.105255,0.6921,0.873377,0.787455,-0.141582,0.9813,0.811324,0.71934,0.114657,0.6674,0.857688,0.786036,-0.139646,0.9762,0.144952,0.37495,0.10815,0.9878,0.133463,0.448058,-0.107124,0.9929,0.402768,0.729377,0.156713,0.0977,0.414794,0.791278,-0.134123,0.9445,0.155884,0.746493,0.238987,0.1023,0.14297,0.785802,-0.025713,0.8176,0.142842,0.693467,0.244036,0.1365,0.126264,0.723423,-0.014444,0.8301,0.039421,0.786436,0.295958,0.1658,0.033328,0.791004,0.06036,0.7739
balasana_y107_0010,balasana,,Y107,train,unlabelled,,not stated by the host (web photographs); included for research and education,data/datasets/yoga107/balasana/010.jpg,True,549,192,True,0.9969,0.1964,26.327,26.922,158.762,167.554,152.493,156.425,24.716,22.935,110.705,113.125,26.327,26.922,158.762,167.554,110.705,113.125,22.935,24.716,163.1,163.968,22.935,26.922,167.554,163.1,95.457,95.457,48.603,34.685,14.674,29.16,0.0951,0.256,0.1479,0.0969,0.562018,0.689149,-0.033848,0.9997,0.575607,0.661679,-0.026968,0.9998,0.576327,0.655467,-0.026021,0.9997,0.577308,0.648446,-0.026139,0.9997,0.575306,0.658674,-0.055541,0.9997,0.575628,0.650833,-0.056476,0.9997,0.575996,0.641877,-0.056136,0.9998,0.576989,0.567582,0.026277,0.9998,0.571809,0.568767,-0.123118,0.9996,0.549757,0.653388,-0.013067,0.9995,0.55036,0.650855,-0.055245,0.9993,0.554151,0.405844,0.085819,0.9992,0.526306,0.460945,-0.18429,0.9997,0.674729,0.622788,0.158669,0.517,0.669449,0.695351,-0.265309,0.9888,0.838824,0.713496,0.099951,0.8625,0.851442,0.857967,-0.201328,0.9938,0.87688,0.681151,0.102602,0.8704,0.90562,0.896679,-0.235429,0.9871,0.880207,0.699968,0.07454,0.8711,0.90731,0.85793,-0.200269,0.986,0.869877,0.7168,0.088008,0.857,0.890331,0.841249,-0.190852,0.9824,0.209747,0.325355,0.101241,0.9969,0.174995,0.351376,-0.10008,0.998,0.412954,0.652607,0.156473,0.1964,0.39692,0.705447,-0.116989,0.8839,0.202562,0.620431,0.239386,0.1988,0.155032,0.678413,-0.004761,0.8105,0.183511,0.553694,0.243222,0.2155,0.145017,0.596039,0.006811,0.8216,0.100025,0.694422,0.276839,0.2671,0.073762,0.725969,0.067208,0.8103
balasana_y107_0011,balasana,,Y107,train,unlabelled,,not stated by the host (web photographs); included for research and education,data/datasets/yoga107/balasana/011.jpg,True,615,339,True,0.9997,0.1675,2.161,85.826,168.869,174.297,165.466,158.249,22.536,49.837,139.359,142.08,2.161,85.826,168.869,174.297,139.359,142.08,22.536,49.837,160.776,170.082,49.837,85.826,168.869,170.082,172.479,172.479,0.217,3.394,5.613,21.466,0.9914,0.895,3.4395,1.8936,0.505889,0.672213,-0.343338,1.0,0.524195,0.676443,-0.369132,1.0,0.535225,0.67227,-0.368168,1.0,0.546579,0.665948,-0.367567,1.0,0.491164,0.670491,-0.363004,1.0,0.481088,0.665086,-0.363486,1.0,0.469439,0.657943,-0.363123,1.0,0.564315,0.592945,-0.370722,1.0,0.446956,0.587288,-0.354979,1.0,0.520816,0.631044,-0.333542,1.0,0.483021,0.627447,-0.330539,1.0,0.6368,0.442429,-0.305017,0.9997,0.351431,0.41173,-0.289925,1.0,0.766205,0.675097,-0.241797,0.9463,0.252605,0.622039,-0.172295,0.9703,0.838703,0.869168,-0.190079,0.937,0.183519,0.802744,-0.142795,0.8534,0.890941,0.896418,-0.207969,0.9311,0.143744,0.84831,-0.166492,0.871,0.862461,0.895216,-0.218741,0.9292,0.164733,0.863956,-0.182242,0.8749,0.839499,0.886271,-0.19158,0.8773,0.188368,0.851144,-0.14932,0.8299,0.547071,0.168519,0.009256,0.9999,0.401638,0.142588,-0.007115,1.0,0.756095,0.451592,0.273455,0.4485,0.235173,0.26134,0.142415,0.7891,0.719109,0.397448,0.539932,0.1675,0.217152,0.156326,0.424554,0.3071,0.70452,0.370824,0.573723,0.1722,0.230431,0.117628,0.458542,0.3221,0.718042,0.448792,0.648387,0.1159,0.170792,0.211059,0.518299,0.1573
balasana_y107_0012,balasana,,Y107,holdout,unlabelled,,not stated by the host (web photographs); included for research and education,data/datasets/yoga107/balasana/012.jpg,True,747,315,True,0.9991,0.0545,34.505,30.23,171.204,161.516,15.34,34.5,12.995,22.341,93.299,98.151,30.23,34.505,161.516,171.204,93.299,98.151,12.995,22.341,19.149,26.472,22.341,30.23,161.516,26.472,107.104,107.104,0.477,67.205,50.826,28.845,0.2941,0.1822,0.0905,0.1572,0.774406,0.781698,0.022968,0.9991,0.803269,0.767305,0.02907,0.9987,0.805146,0.760357,0.029714,0.9986,0.80711,0.754073,0.029628,0.9986,0.803011,0.77062,0.005397,0.9989,0.804188,0.766252,0.004702,0.9989,0.805613,0.76124,0.005313,0.999,0.811468,0.681457,0.07361,0.9987,0.806939,0.699581,-0.043415,0.9993,0.751544,0.747147,0.039033,0.9989,0.749646,0.744705,0.007471,0.999,0.698274,0.531997,0.142819,0.9995,0.673093,0.674089,-0.109169,0.9999,0.463885,0.52705,0.135337,0.0545,0.432858,0.839379,-0.133662,0.8663,0.286667,0.588255,0.133042,0.1077,0.240504,0.821018,-0.096152,0.7817,0.24914,0.61303,0.144578,0.1344,0.1723,0.80825,-0.123939,0.7499,0.239324,0.605224,0.124275,0.129,0.160048,0.811595,-0.10548,0.7445,0.241755,0.618585,0.125609,0.1211,0.188727,0.796696,-0.093985,0.7156,0.306525,0.268236,0.087367,0.9991,0.274591,0.361173,-0.086166,0.9992,0.560899,0.600483,0.138008,0.2398,0.521554,0.864238,-0.046897,0.5878,0.248392,0.673935,0.209735,0.3106,0.220374,0.732741,0.056161,0.3759,0.229313,0.635491,0.212862,0.2768,0.204264,0.68766,0.06224,0.3657,0.110895,0.727747,0.273067,0.438,0.089114,0.761306,0.11925,0.4082
balasana_y107_0013,balasana,,Y107,train,unlabelled,,not stated by the host (web photographs); included for research and education,data/datasets/yoga107/balasana/013.jpg,True,252,120,True,0.9948,0.1862,26.481,22.265,154.078,145.534,150.723,148.639,25.108,21.885,109.772,107.268,22.265,26.481,145.534,154.078,107.268,109.772,21.885,25.108,163.636,166.237,21.885,22.265,145.534,166.237,93.459,93.459,57.131,54.361,25.495,25.39,0.0603,0.2662,0.1339,0.094,0.545012,0.708968,0.005458,0.9992,0.565642,0.714388,0.011857,0.9992,0.567886,0.710467,0.01283,0.9989,0.570269,0.705792,0.012671,0.9991,0.563456,0.713781,-0.018876,0.9991,0.564042,0.710228,-0.019868,0.999,0.565788,0.707393,-0.019439,0.9993,0.582901,0.648139,0.06634,0.9994,0.575091,0.657997,-0.091034,0.9989,0.537678,0.676255,0.027506,0.998,0.534861,0.676002,-0.017476,0.9974,0.554132,0.501249,0.10807,0.9981,0.536341,0.553359,-0.141225,0.9992,0.680804,0.671927,0.178702,0.2463,0.667111,0.74469,-0.197032,0.9656,0.829168,0.708876,0.132218,0.4895,0.83317,0.747121,-0.098342,0.9491,0.886305,0.710737,0.13195,0.5514,0.893492,0.747866,-0.116384,0.9245,0.879678,0.704833,0.109859,0.5524,0.885362,0.729385,-0.09293,0.9244,0.863653,0.703156,0.12295,0.5497,0.865945,0.725446,-0.090582,0.918,0.24449,0.462525,0.097592,0.9948,0.197329,0.509754,-0.096554,0.9961,0.459969,0.708385,0.131167,0.1862,0.446491,0.758099,-0.101631,0.9154,0.234987,0.691591,0.197833,0.2117,0.19537,0.729301,-0.011753,0.849,0.208059,0.652062,0.199961,0.2314,0.180523,0.674715,0.000182,0.8658,0.136266,0.721874,0.225437,0.2812,0.113091,0.75556,0.067311,0.8382
balasana_y107_0014,balasana,,Y107,train,unlabelled,,not stated by the host (web photographs); included for research and education,data/datasets/yoga107/balasana/014.jpg,True,580,229,True,0.998,0.1431,29.085,36.6,157.697,167.862,157.958,161.298,24.061,29.439,112.691,114.662,29.085,36.6,157.697,167.862,112.691,114.662,24.061,29.439,167.295,169.471,24.061,29.085,157.697,169.471,102.062,-102.062,36.879,43.824,29.468,36.224,0.209,0.2695,0.0886,0.145,0.477843,0.679319,-0.019742,0.9993,0.45595,0.681254,-0.043698,0.9995,0.454846,0.676302,-0.042864,0.9994,0.453307,0.670402,-0.042876,0.9995,0.454794,0.678873,-0.01134,0.9994,0.45311,0.67248,-0.012236,0.9993,0.450966,0.664973,-0.012062,0.9994,0.450432,0.602259,-0.106169,0.9986,0.446338,0.596012,0.028392,0.9991,0.491678,0.642897,-0.040758,0.9977,0.491222,0.637239,-0.001433,0.998,0.513317,0.5003,-0.143775,0.9992,0.479614,0.418375,0.080087,0.9984,0.387719,0.716527,-0.22022,0.9883,0.356222,0.603637,0.183947,0.3115,0.22928,0.801103,-0.185488,0.9902,0.223366,0.716363,0.092466,0.8811,0.186496,0.823065,-0.215889,0.9856,0.172754,0.729749,0.085715,0.9276,0.18259,0.808216,-0.197673,0.9845,0.172716,0.740356,0.058736,0.9301,0.19334,0.802945,-0.177184,0.9781,0.183359,0.744496,0.076764,0.918,0.836214,0.324039,-0.09153,0.9989,0.786946,0.253531,0.092605,0.998,0.625392,0.715176,-0.111014,0.9461,0.607582,0.653983,0.160821,0.1431,0.864152,0.639443,0.026182,0.898,0.839093,0.604783,0.246078,0.1712,0.86831,0.560885,0.041171,0.9045,0.844064,0.53569,0.246285,0.2305,0.931238,0.671637,0.101993,0.8752,0.926487,0.598965,0.286337,0.2439
balasana_y107_0015,balasana,,Y107,train,unlabelled,,not stated by the host (web photographs); included for research and education,data/datasets/yoga107/balasana/015.jpg,True,800,533,True,0.9997,0.0874,24.029,135.075,135.417,173.715,148.217,163.311,77.114,85.006,144.945,135.667,24.029,135.075,135.417,173.715,135.667,144.945,77.114,85.006,160.346,175.055,77.114,24.029,135.417,175.055,125.172,-125.172,46.989,1.488,7.412,52.887,0.576,0.5828,0.8202,1.2439,0.592101,0.528327,-0.435347,1.0,0.594411,0.527354,-0.47139,0.9999,0.601377,0.524498,-0.470343,0.9999,0.608085,0.52216,-0.469966,0.9999,0.569883,0.539102,-0.455876,0.9999,0.563501,0.540146,-0.457149,0.9999,0.55273,0.547446,-0.456176,0.9999,0.622263,0.481077,-0.502595,0.9999,0.5506,0.467252,-0.448833,0.9999,0.616102,0.498604,-0.432018,1.0,0.605501,0.489615,-0.415962,1.0,0.705715,0.369202,-0.459153,0.9997,0.485617,0.377786,-0.367388,0.9999,0.689545,0.537261,-0.61572,0.9927,0.377235,0.527906,-0.373748,0.9767,0.556065,0.68933,-0.778187,0.9891,0.290795,0.677087,-0.475866,0.9955,0.551018,0.744936,-0.851359,0.9828,0.251195,0.71767,-0.519187,0.9932,0.523715,0.731884,-0.854577,0.9838,0.270885,0.720715,-0.568831,0.9945,0.523513,0.714275,-0.787229,0.9777,0.324788,0.68366,-0.504105,0.9934,0.794818,0.209823,-0.061803,1.0,0.685894,0.231089,0.063322,0.9999,0.898647,0.415781,0.07968,0.8131,0.718391,0.358032,0.21591,0.1571,0.886892,0.339871,0.369817,0.6059,0.743594,0.374919,0.553433,0.0874,0.88327,0.296368,0.402533,0.4975,0.741807,0.363446,0.587313,0.097,0.875333,0.44524,0.447382,0.6224,0.760594,0.421145,0.661681,0.1758
balasana_y107_0016,balasana,,Y107,holdout,unlabelled,,not stated by the host (web photographs); included for research and education,data/datasets/yoga107/balasana/016.jpg,True,635,227,True,0.998,0.1126,28.295,30.551,169.387,171.949,156.958,157.967,24.326,24.87,111.835,111.75,28.295,30.551,169.387,171.949,111.75,111.835,24.326,24.87,162.051,162.654,24.326,28.295,169.387,162.654,94.15,-94.15,61.477,63.433,44.097,28.671,0.0724,0.2737,0.0791,0.096,0.483722,0.712197,0.015762,0.9995,0.458378,0.721552,-0.006351,0.9997,0.456001,0.716821,-0.005579,0.9997,0.453778,0.712056,-0.005468,0.9997,0.456919,0.717578,0.027133,0.9996,0.453509,0.70966,0.026039,0.9995,0.450209,0.701789,0.026221,0.9996,0.442046,0.626545,-0.065758,0.9991,0.437719,0.618952,0.075336,0.9994,0.489834,0.661589,-0.005284,0.9983,0.489296,0.657152,0.035379,0.9985,0.477719,0.479992,-0.110275,0.9995,0.462278,0.393612,0.116369,0.9985,0.331465,0.693243,-0.20045,0.9904,0.323234,0.581923,0.212634,0.2026,0.14878,0.848672,-0.156046,0.9865,0.171831,0.717762,0.125824,0.732,0.105648,0.86702,-0.182349,0.9805,0.12283,0.734243,0.121658,0.826,0.100655,0.843771,-0.158704,0.9778,0.122895,0.742611,0.097921,0.8308,0.112685,0.838077,-0.145517,0.97,0.135531,0.744283,0.110316,0.814,0.842031,0.399992,-0.096414,0.9991,0.81546,0.327973,0.097031,0.998,0.592783,0.783526,-0.134215,0.9601,0.571427,0.701259,0.158931,0.1126,0.86361,0.776665,-0.01402,0.9281,0.841626,0.726077,0.228853,0.1738,0.866684,0.691192,0.00018,0.9302,0.849145,0.653269,0.227501,0.2171,0.965563,0.808828,0.055138,0.9109,0.946907,0.759271,0.253047,0.2537
balasana_y107_0017,balasana,,Y107,train,unlabelled,,not stated by the host (web photographs); included for research and education,data/datasets/yoga107/balasana/017.jpg,True,486,203,True,0.9977,0.0945,54.073,48.822,138.661,115.102,129.094,127.729,48.526,42.956,130.369,125.015,48.822,54.073,115.102,138.661,125.015,130.369,42.956,48.526,150.268,159.224,42.956,48.822,115.102,159.224,102.496,102.496,30.091,72.58,26.323,57.196,0.2164,0.2015,0.1071,0.1234,0.583226,0.633935,0.065031,0.9993,0.601283,0.629521,0.071861,0.9995,0.602438,0.62798,0.073019,0.9994,0.603757,0.627478,0.072865,0.9996,0.600839,0.628615,0.044228,0.9994,0.601663,0.625933,0.043111,0.9993,0.603353,0.618219,0.043989,0.9995,0.611146,0.583011,0.125882,0.9998,0.609005,0.577929,-0.019315,0.9992,0.575554,0.619353,0.087018,0.9985,0.575458,0.619094,0.04603,0.9979,0.572212,0.440923,0.19486,0.9977,0.560773,0.52821,-0.084024,0.999,0.621613,0.659145,0.306989,0.0945,0.623359,0.872989,-0.093724,0.8703,0.723567,0.748975,0.30221,0.2461,0.772315,0.883029,0.05123,0.8347,0.754784,0.748314,0.309346,0.3452,0.808159,0.89324,0.049106,0.818,0.768913,0.762828,0.294551,0.3481,0.810424,0.843042,0.05763,0.8095,0.747598,0.755358,0.297097,0.3329,0.795275,0.838158,0.058226,0.8033,0.277451,0.308383,0.100173,0.9994,0.250836,0.339906,-0.099179,0.9996,0.402563,0.810113,0.113247,0.1616,0.400587,0.896122,-0.114744,0.9547,0.172808,0.761119,0.142836,0.2573,0.145512,0.80623,-0.061273,0.9462,0.147245,0.671567,0.141225,0.2673,0.126795,0.71194,-0.05128,0.9328,0.09615,0.832602,0.149222,0.3318,0.060561,0.902273,-0.013015,0.9184
balasana_y107_0019,balasana,,Y107,train,unlabelled,,not stated by the host (web photographs); included for research and education,data/datasets/yoga107/balasana/019.jpg,True,752,323,True,0.9958,0.0965,28.264,23.323,173.705,166.112,19.659,28.625,17.452,13.516,102.197,101.85,23.323,28.264,166.112,173.705,101.85,102.197,13.516,17.452,22.574,22.614,13.516,23.323,166.112,22.614,100.572,100.572,17.877,81.199,63.614,24.279,0.1835,0.3292,0.0662,0.0905,0.771793,0.886525,-0.06261,0.9928,0.806727,0.857402,-0.04849,0.9874,0.808318,0.848834,-0.047541,0.984,0.81001,0.839467,-0.048125,0.9895,0.805771,0.855443,-0.080401,0.9902,0.806743,0.845775,-0.081214,0.9862,0.80784,0.834704,-0.080523,0.9915,0.806701,0.738665,0.026253,0.9835,0.803974,0.748969,-0.124434,0.9834,0.746142,0.850652,-0.036613,0.9893,0.745433,0.843802,-0.078135,0.99,0.665582,0.519995,0.126664,0.9983,0.65975,0.607692,-0.199941,0.9989,0.415684,0.615092,0.116512,0.1172,0.392173,0.808448,-0.223516,0.8609,0.20537,0.751601,0.077496,0.2828,0.17784,0.843112,-0.167647,0.9463,0.143778,0.764741,0.081816,0.3093,0.109411,0.826014,-0.197869,0.9315,0.138958,0.754393,0.061555,0.3094,0.105717,0.835172,-0.178944,0.9274,0.160741,0.746445,0.067958,0.3058,0.128938,0.8269,-0.164242,0.8901,0.256943,0.34579,0.105203,0.996,0.240659,0.422209,-0.103872,0.9958,0.592678,0.758398,0.160093,0.0965,0.596048,0.795436,-0.097764,0.6992,0.237241,0.764695,0.284168,0.1887,0.21019,0.780437,0.076762,0.4669,0.209749,0.699686,0.295554,0.1983,0.19039,0.727072,0.092412,0.477,0.100335,0.828108,0.353639,0.286,0.064553,0.829062,0.15983,0.4662
balasana_y107_0020,balasana,,Y107,holdout,unlabelled,,not stated by the host (web photographs); included for research and education,data/datasets/yoga107/balasana/020.jpg,True,434,129,True,0.9935,0.0557,23.165,26.478,159.818,167.03,159.101,167.411,16.449,15.538,106.211,104.382,23.165,26.478,159.818,167.03,104.382,106.211,15.538,16.449,169.855,174.066,16.449,23.165,159.818,169.855,97.242,-97.242,35.486,24.167,47.924,22.515,0.1261,0.2357,0.0173,0.0496,0.486683,0.823929,-0.038608,0.9915,0.46524,0.815293,-0.064501,0.9955,0.463765,0.80818,-0.063538,0.9954,0.462237,0.801198,-0.063694,0.9959,0.465302,0.815598,-0.031261,0.993,0.463901,0.809064,-0.032285,0.9907,0.462513,0.802929,-0.031972,0.9908,0.453276,0.712358,-0.122665,0.9931,0.456586,0.723019,0.015837,0.9877,0.49578,0.776906,-0.05663,0.9785,0.495829,0.778708,-0.016419,0.9816,0.496379,0.554878,-0.158709,0.9986,0.511109,0.577116,0.083279,0.9935,0.358802,0.790358,-0.250233,0.9827,0.373635,0.754992,0.17429,0.0557,0.184191,0.86023,-0.211197,0.9748,0.220002,0.828247,0.083579,0.3533,0.141943,0.873027,-0.239805,0.9661,0.167761,0.832407,0.083512,0.5205,0.142717,0.854598,-0.21538,0.9629,0.15926,0.841252,0.065575,0.531,0.153945,0.855478,-0.201576,0.9455,0.178247,0.837689,0.06993,0.5289,0.823768,0.437834,-0.09565,0.9978,0.829017,0.418271,0.096807,0.9954,0.575801,0.783638,-0.108874,0.9161,0.593498,0.770824,0.16392,0.0736,0.840868,0.793761,0.037657,0.9094,0.844685,0.807601,0.272165,0.1322,0.858579,0.739244,0.053255,0.909,0.86216,0.75455,0.276309,0.1778,0.934473,0.848306,0.092705,0.873,0.939683,0.853508,0.30025,0.181
balasana_y107_0021,balasana,,Y107,train,unlabelled,,not stated by the host (web photographs); included for research and education,data/datasets/yoga107/balasana/021.jpg,True,342,151,True,0.9777,0.018,55.951,61.576,164.711,155.01,151.032,142.52,87.957,58.763,121.694,128.744,55.951,61.576,155.01,164.711,121.694,128.744,58.763,87.957,153.372,157.422,87.957,55.951,164.711,157.422,100.512,-100.512,8.7,54.855,54.288,70.879,0.1824,0.2418,0.0728,0.1416,0.447735,0.579474,-0.084014,0.9633,0.423118,0.580925,-0.108298,0.9836,0.423119,0.576346,-0.107255,0.9842,0.423276,0.571556,-0.107566,0.9854,0.421582,0.58159,-0.074625,0.9769,0.420884,0.577704,-0.075564,0.9718,0.420617,0.573902,-0.074969,0.9702,0.427868,0.503878,-0.160884,0.9878,0.426522,0.511279,-0.02259,0.9861,0.463774,0.555791,-0.102128,0.9808,0.463856,0.560633,-0.063376,0.9776,0.506264,0.402638,-0.218872,0.9975,0.527498,0.470952,0.047446,0.9777,0.437456,0.524766,-0.30304,0.9113,0.481859,0.592394,0.149183,0.0338,0.37947,0.579961,-0.290213,0.5287,0.432507,0.643585,0.186608,0.018,0.364681,0.586495,-0.315565,0.4657,0.424431,0.67255,0.190684,0.0261,0.372609,0.572492,-0.326672,0.4559,0.422587,0.653875,0.18233,0.0277,0.380428,0.571588,-0.295882,0.4437,0.423572,0.651809,0.178702,0.0328,0.781494,0.302613,-0.101125,0.9999,0.764664,0.355637,0.101823,0.9998,0.80188,0.674725,-0.125448,0.9106,0.716255,0.671888,0.241715,0.2085,0.84774,0.584046,0.094879,0.2489,0.85874,0.619024,0.176018,0.1439,0.851899,0.532592,0.120977,0.4001,0.879234,0.57696,0.16516,0.1752,0.865397,0.657051,0.203247,0.2849,0.901515,0.69977,0.16555,0.232
balasana_y107_0022,balasana,,Y107,train,unlabelled,,not stated by the host (web photographs); included for research and education,data/datasets/yoga107/balasana/022.jpg,True,275,253,True,0.9985,0.826,61.699,53.961,175.631,165.661,171.062,124.88,46.775,31.093,117.685,173.522,53.961,61.699,165.661,175.631,117.685,173.522,31.093,46.775,117.627,173.144,46.775,61.699,175.631,173.144,116.901,-116.901,24.48,47.906,88.164,65.198,0.4524,0.2459,0.0737,0.3927,0.436571,0.51677,-0.039484,1.0,0.411293,0.520183,-0.040805,1.0,0.405935,0.513386,-0.039684,1.0,0.400736,0.50623,-0.039707,1.0,0.423801,0.535938,-0.019454,1.0,0.426258,0.539471,-0.020315,1.0,0.428552,0.54255,-0.019617,1.0,0.391506,0.484998,-0.007043,0.9999,0.42619,0.532742,0.07388,1.0,0.438853,0.489952,-0.026872,0.9999,0.451896,0.509109,-0.002115,0.9999,0.421926,0.392702,-0.054134,0.9997,0.498665,0.485036,0.16001,0.9997,0.272468,0.485614,-0.153125,0.9899,0.497035,0.615914,0.265068,0.8458,0.130911,0.558666,-0.179812,0.987,0.525942,0.746147,0.227287,0.9474,0.082221,0.572372,-0.199582,0.9745,0.52959,0.789195,0.243386,0.9246,0.080313,0.57007,-0.191634,0.9746,0.527901,0.787471,0.21104,0.9341,0.09511,0.567792,-0.178343,0.9782,0.52905,0.771738,0.21183,0.9376,0.719502,0.269648,-0.080408,0.9985,0.721027,0.321365,0.080934,0.9988,0.628527,0.509606,-0.188932,0.9841,0.637123,0.518716,0.100231,0.8318,0.865957,0.482914,-0.152616,0.9437,0.846276,0.47355,0.060232,0.826,0.893987,0.456216,-0.145489,0.9453,0.868609,0.446586,0.05315,0.8294,0.945935,0.533214,-0.149316,0.929,0.929936,0.5224,0.049752,0.8571
balasana_y107_0023,balasana,,Y107,train,unlabelled,,not stated by the host (web photographs); included for research and education,data/datasets/yoga107/balasana/023.jpg,True,454,226,True,0.9963,0.1861,17.838,23.301,149.398,168.406,160.853,167.392,22.67,23.832,100.311,98.397,17.838,23.301,149.398,168.406,98.397,100.311,22.67,23.832,173.442,176.515,22.67,17.838,149.398,176.515,94.391,-94.391,33.262,75.113,56.26,25.67,0.0766,0.1769,0.1172,0.2585,0.436927,0.618703,0.022214,0.9996,0.421327,0.617196,0.002834,0.9996,0.422181,0.618388,0.003307,0.9996,0.423342,0.619774,0.003388,0.9997,0.41788,0.603016,0.029572,0.9996,0.416211,0.595092,0.028681,0.9996,0.415048,0.588107,0.028975,0.9996,0.431519,0.591196,-0.054413,0.9989,0.423222,0.550415,0.056722,0.9995,0.455468,0.606207,0.003406,0.9984,0.452118,0.590835,0.035795,0.9986,0.491942,0.580733,-0.108042,0.9994,0.467781,0.398159,0.104941,0.9985,0.334912,0.734406,-0.175563,0.9794,0.331711,0.468575,0.191354,0.4855,0.152597,0.704757,-0.159969,0.9852,0.178638,0.483896,0.12061,0.9375,0.100086,0.728991,-0.184719,0.982,0.133911,0.480544,0.125733,0.961,0.098698,0.696409,-0.166445,0.9795,0.135721,0.492663,0.093698,0.9626,0.116382,0.681139,-0.151842,0.973,0.148187,0.503608,0.107139,0.9524,0.861914,0.491759,-0.091004,0.9973,0.823174,0.375244,0.092201,0.9963,0.623012,0.763245,-0.10338,0.9487,0.568619,0.621018,0.154994,0.1929,0.857111,0.666211,-0.001071,0.8884,0.830522,0.599254,0.217642,0.1861,0.875493,0.605172,0.012309,0.8909,0.848177,0.560746,0.21663,0.29,0.93735,0.680752,0.094581,0.8696,0.91991,0.651546,0.281803,0.2653
balasana_y107_0025,balasana,,Y107,train,unlabelled,,not stated by the host (web photographs); included for research and education,data/datasets/yoga107/balasana/025.jpg,True,748,344,True,0.9907,0.1169,37.24,35.376,102.56,115.491,81.503,89.326,52.687,55.359,145.173,131.219,35.376,37.24,102.56,115.491,131.219,145.173,52.687,55.359,115.324,124.948,52.687,37.24,102.56,115.324,78.44,-78.44,8.406,84.275,20.962,41.526,-0.2004,0.1344,0.113,0.0941,0.235878,0.415374,-0.074949,0.9981,0.21003,0.375482,-0.098068,0.9982,0.210579,0.367233,-0.097077,0.9983,0.211255,0.358977,-0.09708,0.9985,0.208753,0.380249,-0.068785,0.9973,0.20814,0.37484,-0.069628,0.9966,0.207304,0.370287,-0.069037,0.996,0.232766,0.27748,-0.110567,0.9989,0.22466,0.300399,0.003412,0.9966,0.266121,0.398359,-0.077174,0.9974,0.264697,0.403581,-0.043575,0.9963,0.370011,0.344144,-0.167362,0.9966,0.373521,0.268004,0.124217,0.9907,0.36591,0.851552,-0.207997,0.9816,0.341556,0.565301,0.191704,0.1169,0.181425,0.933553,-0.121663,0.9927,0.176179,0.643913,0.167083,0.2226,0.124173,0.917767,-0.140208,0.9899,0.114847,0.583349,0.167435,0.2684,0.111918,0.868075,-0.124425,0.9891,0.111701,0.546266,0.160177,0.2456,0.140501,0.869993,-0.116108,0.9848,0.130642,0.571297,0.160069,0.2408,0.757572,0.485218,-0.080083,0.9997,0.718634,0.452782,0.081075,0.9994,0.538191,0.932917,-0.104498,0.962,0.511848,0.85095,0.173326,0.3832,0.824903,0.868008,0.038012,0.9408,0.811839,0.780664,0.209791,0.4046,0.848097,0.792597,0.056302,0.9374,0.819945,0.728093,0.21017,0.4827,0.923797,0.970858,0.119679,0.9102,0.905987,0.877445,0.229424,0.4436
balasana_y107_0026,balasana,,Y107,train,unlabelled,,not stated by the host (web photographs); included for research and education,data/datasets/yoga107/balasana/026.jpg,True,476,143,True,0.9896,0.1002,25.222,21.042,153.585,151.381,152.941,151.719,18.574,16.97,109.969,108.651,21.042,25.222,151.381,153.585,108.651,109.969,16.97,18.574,166.678,166.805,16.97,21.042,151.381,166.805,96.036,96.036,43.316,85.997,53.64,22.426,0.1051,0.2517,0.0719,0.056,0.541493,0.858392,0.003955,0.9993,0.561704,0.858915,0.010643,0.9992,0.563038,0.85188,0.011496,0.999,0.564619,0.843241,0.01133,0.9993,0.563462,0.848341,-0.017356,0.9992,0.565821,0.834472,-0.018459,0.9991,0.568241,0.81925,-0.018098,0.9994,0.574369,0.734505,0.062939,0.9993,0.576545,0.719998,-0.083879,0.9985,0.531354,0.802565,0.024841,0.9978,0.532048,0.790584,-0.016581,0.9969,0.528633,0.514122,0.110369,0.997,0.530079,0.582908,-0.129975,0.9987,0.651617,0.787206,0.180163,0.2561,0.662143,0.876497,-0.178746,0.9411,0.810279,0.85478,0.132162,0.484,0.83808,0.928946,-0.068934,0.9026,0.842731,0.848967,0.137144,0.5247,0.875512,0.949506,-0.081424,0.8618,0.845974,0.834415,0.113763,0.5296,0.874116,0.909836,-0.05671,0.8559,0.835416,0.830714,0.122196,0.5197,0.86018,0.891315,-0.059177,0.8447,0.171225,0.375474,0.092971,0.9896,0.151938,0.462682,-0.091775,0.9931,0.411794,0.752661,0.145695,0.1039,0.411273,0.818948,-0.086317,0.8337,0.186745,0.752667,0.221243,0.1002,0.164099,0.799065,0.012135,0.6296,0.167622,0.695312,0.225277,0.1127,0.143971,0.726767,0.023082,0.719,0.096649,0.784977,0.255054,0.1689,0.067146,0.794946,0.086332,0.6525
balasana_y107_0027,balasana,,Y107,train,unlabelled,,not stated by the host (web photographs); included for research and education,data/datasets/yoga107/balasana/027.jpg,True,635,237,True,0.7573,0.0105,133.657,159.274,138.584,65.843,2.435,39.217,158.479,160.129,110.366,167.718,133.657,159.274,65.843,138.584,110.366,167.718,158.479,160.129,12.101,80.758,158.479,133.657,65.843,80.758,86.874,86.874,61.325,20.041,22.937,16.831,-0.0545,0.3829,0.3406,0.3766,0.819377,0.610743,-0.279088,0.2986,0.828504,0.612534,-0.298381,0.2643,0.831474,0.608833,-0.297434,0.2786,0.834386,0.605134,-0.297099,0.2749,0.821298,0.614537,-0.313699,0.243,0.81962,0.610362,-0.314938,0.2288,0.817979,0.606192,-0.314046,0.233,0.841807,0.558445,-0.286956,0.4338,0.818454,0.561085,-0.370925,0.3096,0.819027,0.578592,-0.26159,0.5191,0.813161,0.57922,-0.286229,0.398,0.831242,0.399052,-0.185761,0.9397,0.768766,0.460115,-0.29793,0.7573,0.714018,0.458398,-0.100804,0.0105,0.684101,0.625998,-0.243815,0.2666,0.690645,0.53889,-0.078225,0.0274,0.747433,0.722653,-0.173683,0.2147,0.683041,0.540359,-0.075893,0.038,0.753478,0.753456,-0.174479,0.2634,0.692018,0.566633,-0.087136,0.0388,0.772914,0.720398,-0.166315,0.2705,0.695475,0.566424,-0.081369,0.0406,0.774015,0.703581,-0.169918,0.2541,0.639746,0.473578,0.043213,0.9965,0.60765,0.437187,-0.04169,0.9922,0.511079,0.670894,-0.155825,0.8094,0.431752,0.579758,-0.065964,0.8445,0.448985,0.621432,-0.049631,0.6075,0.390964,0.663788,0.053455,0.4757,0.447329,0.590555,-0.039687,0.5836,0.40143,0.670106,0.06652,0.3309,0.411774,0.670143,-0.052061,0.6966,0.337295,0.755247,0.065865,0.49
balasana_y107_0029,balasana,,Y107,train,unlabelled,,not stated by the host (web photographs); included for research and education,data/datasets/yoga107/balasana/029.jpg,True,396,175,True,0.9997,0.1531,35.57,44.023,149.703,145.046,160.902,158.581,22.927,29.042,110.66,111.248,35.57,44.023,145.046,149.703,110.66,111.248,22.927,29.042,177.111,177.237,22.927,35.57,149.703,177.111,108.129,-108.129,52.511,64.53,69.072,40.698,0.3112,0.2008,0.0654,0.1162,0.449845,0.652742,0.063708,0.9999,0.427595,0.670301,0.043659,0.9999,0.425844,0.668731,0.044313,0.9999,0.424288,0.666998,0.044417,0.9999,0.42537,0.668661,0.072759,0.9999,0.422154,0.666108,0.071703,0.9999,0.419437,0.66316,0.072337,0.9999,0.413812,0.638654,-0.005814,0.9997,0.414747,0.626875,0.114509,0.9999,0.455534,0.627879,0.04645,0.9996,0.45348,0.621757,0.081357,0.9998,0.440535,0.549601,-0.04944,0.9999,0.425179,0.476651,0.142219,0.9998,0.329892,0.73737,-0.131593,0.9836,0.328568,0.659469,0.222724,0.4357,0.172331,0.778447,-0.109948,0.9792,0.185549,0.687499,0.137914,0.8826,0.133845,0.787545,-0.133221,0.9723,0.137604,0.6793,0.131056,0.9131,0.129297,0.76665,-0.116226,0.9671,0.140369,0.689532,0.110854,0.915,0.142484,0.761391,-0.101388,0.9597,0.157382,0.696298,0.126445,0.903,0.731875,0.338302,-0.089751,0.9998,0.717842,0.255263,0.090565,0.9997,0.538868,0.713935,-0.107721,0.9856,0.55331,0.661954,0.1491,0.1531,0.777202,0.665536,-0.013216,0.9573,0.789321,0.629256,0.196504,0.3282,0.798113,0.623184,-0.002606,0.9505,0.800845,0.590689,0.192922,0.4203,0.859537,0.701144,0.053388,0.9323,0.879526,0.714786,0.21504,0.4359
balasana_y107_0030,balasana,,Y107,train,unlabelled,,not stated by the host (web photographs); included for research and education,data/datasets/yoga107/balasana/030.jpg,True,531,170,True,0.9977,0.0415,28.409,31.539,163.722,155.152,163.354,157.184,23.593,24.47,106.529,108.918,28.409,31.539,155.152,163.722,106.529,108.918,23.593,24.47,168.604,169.661,23.593,28.409,163.722,169.661,96.825,-96.825,43.614,69.399,28.351,29.783,0.1188,0.274,0.0512,0.0355,0.485289,0.792814,0.005559,0.9984,0.462936,0.782887,-0.01912,0.9992,0.461055,0.774634,-0.018022,0.9991,0.459096,0.766201,-0.018116,0.9993,0.463455,0.783178,0.014849,0.999,0.461963,0.775626,0.01382,0.9987,0.460265,0.767893,0.014158,0.9989,0.453241,0.675418,-0.07378,0.999,0.454088,0.68117,0.067886,0.9991,0.498742,0.744615,-0.014622,0.9956,0.501237,0.743646,0.026254,0.9968,0.500173,0.51233,-0.109434,0.9993,0.504538,0.476059,0.123817,0.9977,0.33277,0.732517,-0.143274,0.984,0.368302,0.725111,0.206912,0.1611,0.218284,0.773626,-0.039269,0.9235,0.23432,0.76534,0.149551,0.3282,0.190131,0.729272,-0.059611,0.8865,0.21525,0.757876,0.131211,0.3758,0.199113,0.705169,-0.050269,0.8762,0.219766,0.746688,0.128864,0.3766,0.210056,0.745653,-0.033994,0.8688,0.221288,0.756631,0.138744,0.3985,0.863445,0.389269,-0.096762,0.9994,0.83425,0.340061,0.097655,0.9983,0.622857,0.819344,-0.115071,0.9263,0.618583,0.760884,0.17746,0.0415,0.871096,0.800747,0.025462,0.875,0.860911,0.75489,0.261389,0.096,0.884695,0.710675,0.041147,0.8888,0.882994,0.674996,0.261304,0.1563,0.97004,0.819377,0.073911,0.841,0.96751,0.816185,0.274615,0.162
balasana_y107_0031,balasana,,Y107,train,unlabelled,,not stated by the host (web photographs); included for research and education,data/datasets/yoga107/balasana/031.jpg,True,505,184,True,0.9765,0.0747,22.081,15.989,162.08,165.732,161.569,163.897,19.287,17.002,106.023,104.349,15.989,22.081,162.08,165.732,104.349,106.023,17.002,19.287,170.671,170.712,17.002,15.989,165.732,170.671,95.847,95.847,51.145,83.756,47.022,22.023,0.1019,0.2382,0.0651,0.0651,0.52788,0.76943,-0.020936,0.9989,0.549791,0.764223,-0.012202,0.999,0.55081,0.759025,-0.011172,0.9986,0.552104,0.753011,-0.011359,0.9989,0.551407,0.760649,-0.040727,0.9988,0.553276,0.75292,-0.041611,0.9985,0.555331,0.744314,-0.041378,0.999,0.562533,0.67269,0.049183,0.9989,0.562949,0.668806,-0.098283,0.9982,0.513,0.731671,0.003266,0.9968,0.51695,0.727597,-0.038546,0.9959,0.529381,0.490872,0.104621,0.9978,0.526725,0.557505,-0.141771,0.999,0.677762,0.682216,0.181309,0.2819,0.703554,0.745001,-0.213345,0.9808,0.847138,0.741327,0.12923,0.6944,0.873774,0.801163,-0.145419,0.9794,0.890183,0.728807,0.135123,0.7362,0.921133,0.808176,-0.171653,0.965,0.898028,0.735497,0.107199,0.7378,0.924687,0.783704,-0.139012,0.9634,0.879957,0.733155,0.117956,0.7162,0.904132,0.768818,-0.135803,0.957,0.170108,0.374418,0.097191,0.9765,0.139635,0.464175,-0.09595,0.9815,0.428804,0.721064,0.139781,0.0913,0.429731,0.786226,-0.091288,0.8192,0.194419,0.676733,0.227082,0.0747,0.173628,0.711923,-0.003162,0.5708,0.174167,0.620834,0.23087,0.0889,0.163468,0.645868,0.00486,0.6436,0.103121,0.720423,0.269716,0.1155,0.071716,0.71549,0.080169,0.5691
balasana_y107_0033,balasana,,Y107,train,unlabelled,,not stated by the host (web photographs); included for research and education,data/datasets/yoga107/balasana/033.jpg,True,705,273,True,0.9958,0.0886,24.373,29.799,145.144,158.738,149.324,152.376,21.581,23.467,108.073,110.342,24.373,29.799,145.144,158.738,108.073,110.342,21.581,23.467,163.489,167.714,21.581,24.373,145.144,167.714,94.82,-94.82,40.445,63.473,52.05,27.297,0.084,0.2407,0.0918,0.19,0.451649,0.661987,-0.037754,0.9992,0.431929,0.658298,-0.059881,0.9995,0.43103,0.655053,-0.059123,0.9994,0.430178,0.651422,-0.059035,0.9995,0.428901,0.643277,-0.029096,0.9993,0.425552,0.630545,-0.030063,0.9991,0.422334,0.618153,-0.029705,0.9992,0.427791,0.58811,-0.111367,0.9986,0.419583,0.550326,0.016562,0.999,0.464382,0.592451,-0.053982,0.9968,0.462564,0.605152,-0.016733,0.9978,0.489341,0.517078,-0.158604,0.9995,0.458754,0.358837,0.091479,0.9984,0.352918,0.777418,-0.243353,0.9887,0.333192,0.557185,0.203776,0.215,0.16417,0.791097,-0.19737,0.9904,0.174732,0.630761,0.114624,0.7847,0.11085,0.814215,-0.227026,0.9865,0.119978,0.642367,0.116245,0.8751,0.103804,0.779605,-0.20357,0.9848,0.117093,0.657542,0.088571,0.8815,0.12153,0.769745,-0.187834,0.9768,0.135145,0.661821,0.098578,0.8682,0.852023,0.42216,-0.101792,0.998,0.814332,0.297356,0.102921,0.9958,0.604993,0.752373,-0.11845,0.9475,0.571199,0.621388,0.181428,0.0886,0.858938,0.718068,0.016127,0.9183,0.838181,0.651515,0.267778,0.1219,0.87359,0.64647,0.031243,0.9242,0.854649,0.605697,0.269077,0.1814,0.940951,0.722302,0.097585,0.8903,0.920933,0.701242,0.315644,0.1777
balasana_y107_0034,balasana,,Y107,train,unlabelled,,not stated by the host (web photographs); included for research and education,data/datasets/yoga107/balasana/034.jpg,True,402,159,True,0.9977,0.03,29.83,23.008,172.517,178.158,16.644,21.456,22.564,18.595,110.024,110.127,23.008,29.83,172.517,178.158,110.024,110.127,18.595,22.564,19.837,20.682,18.595,23.008,178.158,20.682,90.186,90.186,57.076,78.61,68.283,19.151,0.0033,0.3138,0.0662,0.0743,0.669256,0.767792,-0.083222,0.9894,0.692775,0.802478,-0.071316,0.9847,0.696041,0.799621,-0.070201,0.9788,0.699773,0.796785,-0.070811,0.9853,0.693121,0.80385,-0.104637,0.9885,0.696639,0.802261,-0.105556,0.9857,0.699761,0.800118,-0.104283,0.9907,0.723561,0.725169,-0.00145,0.982,0.723906,0.726054,-0.162942,0.9845,0.664831,0.71959,-0.0576,0.9905,0.663727,0.71502,-0.102867,0.9925,0.672345,0.484874,0.107572,0.9983,0.667655,0.543735,-0.230448,0.9998,0.464101,0.644143,0.112945,0.03,0.4385,0.764973,-0.247035,0.8358,0.316485,0.812766,0.142528,0.0726,0.270764,0.911476,-0.205924,0.9527,0.278561,0.864024,0.172363,0.0894,0.221931,0.933199,-0.248106,0.9401,0.280906,0.852685,0.141143,0.0893,0.21538,0.954069,-0.213207,0.9375,0.285629,0.845762,0.132623,0.0983,0.233401,0.937766,-0.199,0.9021,0.354336,0.487494,0.105625,0.9984,0.346716,0.535864,-0.104297,0.9977,0.636619,0.781335,0.151939,0.0887,0.648895,0.801181,-0.066383,0.6397,0.372989,0.868516,0.240503,0.18,0.352908,0.851638,0.095477,0.3873,0.346085,0.796002,0.251754,0.191,0.326405,0.815437,0.112268,0.3722,0.291322,0.923686,0.317024,0.2547,0.267495,0.976958,0.193283,0.4257
balasana_y107_0035,balasana,,Y107,train,unlabelled,,not stated by the host (web photographs); included for research and education,data/datasets/yoga107/balasana/035.jpg,True,683,571,True,0.9844,0.0913,101.933,107.78,143.398,139.464,52.07,52.386,14.31,15.598,18.495,18.463,101.933,107.78,139.464,143.398,18.463,18.495,14.31,15.598,71.922,72.942,14.31,101.933,143.398,71.922,89.095,89.095,2.36,61.538,67.84,14.727,-0.0158,-0.1694,0.0242,0.1461,0.865015,0.659107,-0.083131,0.9983,0.901868,0.685138,-0.101541,0.9981,0.901661,0.691621,-0.100634,0.9981,0.901452,0.698452,-0.100668,0.9979,0.902687,0.683748,-0.06949,0.9984,0.902948,0.688972,-0.070436,0.9984,0.903543,0.694396,-0.069639,0.9984,0.879188,0.773506,-0.132579,0.9976,0.88417,0.753374,-0.004954,0.9979,0.823411,0.680036,-0.092655,0.9978,0.82243,0.673237,-0.054258,0.9973,0.662196,0.825611,-0.204018,0.9974,0.620701,0.734053,0.116397,0.9961,0.493515,0.570554,-0.291185,0.8385,0.452651,0.485989,0.202085,0.1137,0.483763,0.187542,-0.287196,0.9366,0.459912,0.15801,0.186898,0.2263,0.497394,0.098121,-0.316128,0.9189,0.497764,0.106545,0.207848,0.2188,0.534831,0.108079,-0.293029,0.9203,0.517802,0.09837,0.178747,0.2376,0.51869,0.133837,-0.277922,0.8476,0.504575,0.11907,0.170904,0.2362,0.059141,0.830855,-0.090217,0.989,0.032061,0.751322,0.091864,0.9844,0.495946,0.693525,-0.172593,0.9581,0.457591,0.595679,0.253826,0.0913,0.472922,0.129238,-0.162534,0.9249,0.463022,0.116675,0.390586,0.2433,0.462608,0.046113,-0.164528,0.9033,0.431137,0.039956,0.398067,0.3027,0.66515,0.104237,-0.235076,0.9258,0.644449,0.107087,0.389733,0.3814
balasana_y107_0036,balasana,,Y107,holdout,unlabelled,,not stated by the host (web photographs); included for research and education,data/datasets/yoga107/balasana/036.jpg,True,686,270,True,0.9963,0.1161,23.316,28.773,157.11,161.022,162.5,158.995,20.07,22.033,103.289,106.125,23.316,28.773,157.11,161.022,103.289,106.125,20.07,22.033,168.663,174.181,20.07,23.316,157.11,174.181,96.144,-96.144,25.843,66.613,54.082,26.821,0.107,0.1883,0.0882,0.1961,0.430305,0.648223,-0.018799,0.9989,0.411999,0.635031,-0.038773,0.9991,0.412841,0.634286,-0.038114,0.999,0.413806,0.633168,-0.038007,0.9991,0.409673,0.620617,-0.0103,0.999,0.40857,0.609374,-0.011309,0.9989,0.407987,0.599664,-0.010997,0.999,0.425134,0.590276,-0.090011,0.9977,0.419822,0.548409,0.029539,0.9986,0.450864,0.62876,-0.03515,0.9952,0.448548,0.610865,-0.000424,0.9967,0.500209,0.554678,-0.141704,0.9992,0.471079,0.383541,0.104112,0.9984,0.340813,0.743261,-0.209493,0.9901,0.332305,0.55394,0.199435,0.342,0.157816,0.760138,-0.164576,0.9918,0.173426,0.602186,0.120618,0.8988,0.109379,0.777553,-0.193061,0.9879,0.120893,0.610014,0.126573,0.9319,0.104434,0.746983,-0.166882,0.9859,0.122183,0.621322,0.10139,0.9343,0.116812,0.738823,-0.153519,0.9794,0.13864,0.621041,0.107098,0.9239,0.875581,0.429631,-0.097618,0.9976,0.840051,0.305008,0.09868,0.9963,0.633947,0.749765,-0.108503,0.9482,0.599684,0.613784,0.182735,0.1161,0.874018,0.704717,0.02903,0.9095,0.855165,0.635903,0.268056,0.1542,0.890561,0.638456,0.044612,0.9019,0.868436,0.584933,0.269029,0.2318,0.964675,0.709763,0.11275,0.8897,0.957266,0.69521,0.328243,0.2258
balasana_y107_0038,balasana,,Y107,train,unlabelled,,not stated by the host (web photographs); included for research and education,data/datasets/yoga107/balasana/038.jpg,True,457,172,True,0.9831,0.0836,28.36,28.478,152.885,130.146,145.274,127.396,31.909,31.133,112.77,121.758,28.36,28.478,130.146,152.885,112.77,121.758,31.133,31.909,146.417,156.77,31.909,28.36,152.885,156.77,88.871,-88.871,27.478,76.688,62.828,29.309,-0.0197,0.2995,0.0536,0.0734,0.444024,0.632926,-0.035849,0.9805,0.430766,0.625522,-0.066108,0.9903,0.43104,0.606563,-0.065381,0.9902,0.431206,0.601919,-0.065159,0.9909,0.42921,0.619878,-0.035353,0.9856,0.428296,0.598306,-0.036181,0.9841,0.427566,0.590887,-0.035565,0.9876,0.431823,0.47827,-0.117511,0.9885,0.430748,0.516088,0.008286,0.9873,0.462086,0.561223,-0.053079,0.961,0.462644,0.605242,-0.016035,0.9635,0.491051,0.441409,-0.162692,0.9927,0.495668,0.389568,0.08547,0.9831,0.407155,0.593272,-0.190754,0.7774,0.423477,0.624575,0.123097,0.1343,0.332599,0.618121,-0.093137,0.5801,0.350887,0.62769,0.073764,0.0836,0.309663,0.619711,-0.110432,0.5922,0.327653,0.605794,0.06278,0.0964,0.319505,0.599906,-0.107373,0.5803,0.338099,0.60015,0.059916,0.0953,0.329174,0.601445,-0.092036,0.547,0.345486,0.613491,0.065299,0.1171,0.769902,0.447364,-0.09058,0.9994,0.76311,0.412208,0.091645,0.9994,0.59463,0.732161,-0.139018,0.9276,0.581292,0.683397,0.139396,0.1084,0.824664,0.699192,-0.043712,0.9297,0.813355,0.674455,0.166353,0.3976,0.823999,0.648882,-0.032519,0.8877,0.840758,0.634213,0.165053,0.4859,0.935001,0.76285,0.006451,0.9053,0.921234,0.694794,0.164348,0.4438
balasana_y107_0041,balasana,,Y107,train,unlabelled,,not stated by the host (web photographs); included for research and education,data/datasets/yoga107/balasana/041.jpg,True,977,448,True,0.9996,0.0381,26.091,32.638,166.802,160.612,31.567,5.361,11.161,22.097,99.684,95.599,26.091,32.638,160.612,166.802,95.599,99.684,11.161,22.097,14.74,25.392,11.161,26.091,166.802,25.392,102.456,-102.456,6.645,70.112,45.52,26.869,0.2157,0.0493,0.0109,0.1853,0.214093,0.641174,0.080918,0.9996,0.187519,0.656933,0.058324,0.9995,0.188289,0.665109,0.059099,0.9995,0.188751,0.671349,0.058798,0.9996,0.18317,0.627406,0.074298,0.9995,0.181374,0.617909,0.073306,0.9995,0.179459,0.609484,0.074187,0.9994,0.191838,0.651794,0.003644,0.9995,0.184741,0.588854,0.063306,0.9996,0.238086,0.618873,0.063461,0.9996,0.233341,0.59844,0.082622,0.9997,0.331742,0.679179,-0.077373,1.0,0.302722,0.504236,0.124548,0.9998,0.581494,0.833905,-0.142464,0.9375,0.547096,0.46903,0.126957,0.0381,0.809628,0.857023,-0.064487,0.9188,0.768228,0.60375,0.088198,0.0964,0.872779,0.831362,-0.067237,0.8595,0.82788,0.642042,0.098852,0.1012,0.88787,0.837678,-0.047513,0.85,0.839076,0.630823,0.081728,0.096,0.861903,0.844099,-0.055668,0.8271,0.819584,0.616788,0.078678,0.1001,0.779788,0.404383,-0.063228,0.9998,0.753519,0.346046,0.064887,0.9996,0.464439,0.752816,-0.058143,0.6967,0.46152,0.732277,0.132087,0.1172,0.764937,0.74392,-0.025639,0.6949,0.760297,0.748202,0.080524,0.1481,0.759837,0.651241,-0.020082,0.7278,0.787416,0.696582,0.071756,0.3012,0.833979,0.745961,0.010289,0.6666,0.88835,0.804523,0.082181,0.22
balasana_y107_0042,balasana,,Y107,train,unlabelled,,not stated by the host (web photographs); included for research and education,data/datasets/yoga107/balasana/042.jpg,True,877,284,True,0.9839,0.0937,26.14,21.451,154.457,153.376,155.83,154.955,17.158,16.107,108.789,108.646,21.451,26.14,153.376,154.457,108.646,108.789,16.107,17.158,167.808,169.071,16.107,21.451,153.376,167.808,97.132,97.132,36.761,54.107,27.44,22.561,0.1242,0.2653,0.0251,0.0207,0.563161,0.872655,-0.000296,0.9988,0.583577,0.869085,0.006678,0.9988,0.584758,0.862272,0.007531,0.9985,0.586498,0.853861,0.007298,0.9989,0.587421,0.856318,-0.020799,0.9988,0.590662,0.841849,-0.0218,0.9986,0.594306,0.826642,-0.021632,0.999,0.602307,0.744217,0.064079,0.9989,0.607515,0.729913,-0.079481,0.9976,0.552606,0.814348,0.022476,0.9962,0.55679,0.802593,-0.018262,0.9946,0.543583,0.551879,0.116903,0.9955,0.548186,0.571518,-0.131272,0.9977,0.686108,0.827227,0.173536,0.2189,0.713419,0.884184,-0.193325,0.9433,0.865698,0.890291,0.110362,0.4194,0.893861,0.931703,-0.101736,0.9281,0.899704,0.894171,0.114159,0.4576,0.940833,0.962242,-0.117816,0.8945,0.901251,0.882376,0.089245,0.4644,0.938428,0.930012,-0.091335,0.8898,0.887923,0.873528,0.099447,0.4594,0.916726,0.905634,-0.092412,0.8744,0.181097,0.39734,0.096872,0.9839,0.157565,0.435071,-0.095514,0.9871,0.445104,0.77782,0.134313,0.1015,0.454026,0.815415,-0.101967,0.822,0.183406,0.793647,0.206249,0.0937,0.174004,0.798667,-0.007544,0.5999,0.164136,0.703423,0.209799,0.1177,0.163063,0.711442,0.002237,0.6748,0.068728,0.825195,0.242935,0.1525,0.066024,0.801405,0.063848,0.6163
balasana_y107_0043,balasana,,Y107,train,unlabelled,,not stated by the host (web photographs); included for research and education,data/datasets/yoga107/balasana/043.jpg,True,677,222,True,0.998,0.0837,32.097,37.161,160.998,173.331,157.152,163.65,27.337,28.88,108.574,110.157,32.097,37.161,160.998,173.331,108.574,110.157,27.337,28.88,166.374,166.787,27.337,32.097,160.998,166.374,95.899,-95.899,54.463,84.266,39.408,32.284,0.1028,0.3087,0.0569,0.0508,0.46835,0.784207,-0.028018,0.9989,0.446973,0.779323,-0.056205,0.9995,0.444743,0.772373,-0.055185,0.9995,0.442627,0.764783,-0.055314,0.9995,0.447917,0.779117,-0.019783,0.9991,0.446395,0.773332,-0.02079,0.9989,0.444555,0.765862,-0.020291,0.9989,0.431618,0.681993,-0.124665,0.9994,0.432081,0.688185,0.027203,0.9991,0.475345,0.740004,-0.051074,0.9979,0.477419,0.738873,-0.007123,0.9981,0.469299,0.50489,-0.157763,0.9998,0.47094,0.455053,0.079274,0.998,0.321802,0.742,-0.230105,0.995,0.324419,0.64743,0.178219,0.1572,0.166349,0.815332,-0.161578,0.9844,0.188673,0.771032,0.10443,0.4754,0.136441,0.798256,-0.189456,0.9745,0.147605,0.743764,0.087403,0.5839,0.130085,0.77651,-0.173598,0.9724,0.144707,0.749077,0.077604,0.5814,0.139049,0.788619,-0.155987,0.9619,0.158303,0.762849,0.091663,0.583,0.80639,0.415905,-0.100022,0.9998,0.776691,0.341492,0.101005,0.999,0.608001,0.798136,-0.109355,0.9662,0.592074,0.747905,0.186082,0.0837,0.849109,0.795739,0.024187,0.9661,0.833711,0.765094,0.274809,0.209,0.852345,0.731905,0.039624,0.9697,0.845544,0.71884,0.275123,0.2904,0.960019,0.836462,0.089126,0.9511,0.924282,0.815127,0.296067,0.2872
balasana_y107_0044,balasana,,Y107,holdout,unlabelled,,not stated by the host (web photographs); included for research and education,data/datasets/yoga107/balasana/044.jpg,True,977,550,True,0.9978,0.1206,29.586,21.482,165.647,164.131,163.94,171.624,23.848,20.293,116.211,115.392,21.482,29.586,164.131,165.647,115.392,116.211,20.293,23.848,171.14,179.992,20.293,21.482,164.131,179.992,111.272,111.272,11.122,34.956,27.624,41.199,0.3628,0.2358,0.2187,0.4191,0.531073,0.599648,-0.105832,0.9998,0.55174,0.589454,-0.117265,0.9998,0.553967,0.584371,-0.116449,0.9998,0.556115,0.579637,-0.116598,0.9998,0.545274,0.600479,-0.139497,0.9997,0.543017,0.604211,-0.140296,0.9997,0.539635,0.607091,-0.140275,0.9997,0.549505,0.538031,-0.117144,0.9999,0.525689,0.585627,-0.234779,0.9998,0.514244,0.578952,-0.100635,0.9999,0.507158,0.589946,-0.133184,0.9998,0.51435,0.420032,-0.074245,0.9991,0.416752,0.541232,-0.304475,0.9994,0.651499,0.580737,-0.068271,0.8823,0.549473,0.698919,-0.416724,0.9579,0.807801,0.676652,-0.153498,0.9602,0.719538,0.796536,-0.48453,0.9854,0.858759,0.692704,-0.167406,0.9598,0.771391,0.826405,-0.551559,0.9725,0.852486,0.71795,-0.206112,0.9597,0.778554,0.810572,-0.526178,0.9766,0.830972,0.71626,-0.171351,0.9557,0.760553,0.795626,-0.484148,0.9806,0.235449,0.265244,0.097771,0.9978,0.166043,0.329764,-0.096556,0.9984,0.393955,0.511722,0.179318,0.1262,0.317596,0.60557,-0.12949,0.9114,0.225456,0.450215,0.348289,0.1206,0.166442,0.484839,0.101158,0.5821,0.214427,0.412684,0.364,0.1366,0.16027,0.437448,0.125376,0.5355,0.173403,0.508592,0.429459,0.1289,0.152288,0.514383,0.199678,0.5165
balasana_y107_0045,balasana,,Y107,train,unlabelled,,not stated by the host (web photographs); included for research and education,data/datasets/yoga107/balasana/045.jpg,True,571,210,True,0.9972,0.0029,33.445,32.08,161.76,146.074,27.824,135.636,17.074,23.147,95.712,123.675,32.08,33.445,146.074,161.76,95.712,123.675,17.074,23.147,23.674,155.259,23.147,32.08,146.074,155.259,102.886,102.886,25.962,35.111,79.133,32.081,0.223,0.2897,0.0496,0.3196,0.494358,0.677318,-0.004518,0.9999,0.512065,0.685863,0.010117,0.9999,0.512509,0.686585,0.011283,0.9999,0.513117,0.687116,0.011493,0.9999,0.515181,0.674124,-0.017807,0.9999,0.518039,0.665302,-0.019424,0.9999,0.521342,0.654693,-0.018845,0.9999,0.524569,0.635679,0.123759,0.9999,0.535826,0.582324,-0.022167,1.0,0.481593,0.657597,0.034382,0.9999,0.484225,0.644592,-0.005683,0.9999,0.438166,0.542205,0.190554,0.9972,0.503869,0.416596,-0.053893,0.9994,0.343719,0.586854,0.202485,0.0029,0.547648,0.576285,-0.14407,0.9296,0.315519,0.575562,0.052744,0.0044,0.641586,0.666093,-0.108034,0.6732,0.298331,0.569488,0.0307,0.0138,0.659275,0.682801,-0.125474,0.7471,0.313724,0.544035,0.007234,0.0153,0.661332,0.691895,-0.113683,0.7246,0.319913,0.538816,0.038808,0.0181,0.652163,0.688814,-0.107088,0.7149,0.228181,0.357114,0.091038,0.9981,0.223933,0.296941,-0.090623,0.9987,0.392443,0.670259,0.068471,0.3393,0.422608,0.635561,-0.138235,0.97,0.200193,0.655749,0.013002,0.3427,0.21021,0.63555,-0.167492,0.8706,0.182773,0.617192,0.008712,0.553,0.186099,0.588884,-0.163026,0.9467,0.128252,0.668846,0.022925,0.5149,0.121097,0.719305,-0.132075,0.8852
balasana_y107_0046,balasana,,Y107,train,unlabelled,,not stated by the host (web photographs); included for research and education,data/datasets/yoga107/balasana/046.jpg,True,500,271,True,0.9979,0.1422,15.841,21.299,154.517,168.146,163.579,166.569,20.847,24.526,100.379,98.832,15.841,21.299,154.517,168.146,98.832,100.379,20.847,24.526,172.754,176.455,20.847,15.841,154.517,176.455,94.256,-94.256,26.859,72.051,55.549,26.112,0.0742,0.1701,0.1207,0.2696,0.392564,0.674271,0.004491,0.9992,0.378719,0.669595,-0.015887,0.9994,0.380014,0.671197,-0.015314,0.9994,0.381533,0.67313,-0.015198,0.9995,0.375656,0.659139,0.010848,0.9992,0.374717,0.653756,0.010035,0.9991,0.374176,0.649045,0.010274,0.9993,0.392428,0.653462,-0.074242,0.9979,0.384995,0.622261,0.035674,0.999,0.411268,0.666746,-0.014347,0.9966,0.408537,0.653484,0.017614,0.9967,0.458186,0.649891,-0.119888,0.9991,0.431927,0.500335,0.08693,0.9982,0.304982,0.771358,-0.175971,0.9765,0.311616,0.559884,0.17195,0.4514,0.134868,0.759145,-0.154779,0.9838,0.17595,0.573715,0.094932,0.9152,0.094722,0.776144,-0.185917,0.9817,0.1251,0.562573,0.08857,0.9427,0.092344,0.741608,-0.174855,0.9788,0.126989,0.575549,0.062601,0.9445,0.109053,0.727407,-0.150827,0.9717,0.137249,0.588102,0.081185,0.934,0.77779,0.579228,-0.089238,0.9986,0.742557,0.484469,0.090533,0.9979,0.55353,0.796276,-0.092863,0.9646,0.523012,0.683011,0.177178,0.1422,0.769285,0.712833,0.015551,0.9185,0.756085,0.646802,0.238676,0.1458,0.785726,0.672864,0.028944,0.8964,0.769573,0.624053,0.235988,0.1743,0.833869,0.715152,0.111885,0.8906,0.820453,0.679212,0.299064,0.1904
balasana_y107_0047,balasana,,Y107,train,unlabelled,,not stated by the host (web photographs); included for research and education,data/datasets/yoga107/balasana/047.jpg,True,778,317,True,0.9983,0.0707,24.599,28.699,142.483,139.995,145.263,142.605,18.966,21.505,111.274,112.919,24.599,28.699,139.995,142.483,111.274,112.919,18.966,21.505,162.943,164.135,18.966,24.599,142.483,164.135,95.633,-95.633,46.512,66.162,52.378,24.375,0.0982,0.219,0.0333,0.0655,0.448113,0.745099,-0.025081,0.9965,0.418544,0.753495,-0.052362,0.9982,0.416443,0.749843,-0.051422,0.9983,0.414388,0.74622,-0.051464,0.9984,0.417692,0.749461,-0.01835,0.9968,0.414763,0.743058,-0.019449,0.9956,0.411882,0.736922,-0.018985,0.9957,0.399458,0.681421,-0.11423,0.9973,0.398581,0.672927,0.028103,0.9959,0.458913,0.703362,-0.044904,0.9917,0.458612,0.699628,-0.003604,0.9948,0.449733,0.562437,-0.143975,0.9997,0.43931,0.504544,0.086244,0.9991,0.307241,0.857406,-0.221489,0.9878,0.316038,0.789218,0.183935,0.2269,0.11884,0.878643,-0.18172,0.9869,0.141521,0.813556,0.104427,0.6524,0.069057,0.901813,-0.212394,0.9821,0.100736,0.829175,0.099773,0.7461,0.064531,0.879077,-0.195558,0.981,0.09548,0.829016,0.086465,0.7563,0.081614,0.866902,-0.176072,0.9708,0.108719,0.822847,0.092235,0.7452,0.846291,0.470284,-0.094669,0.9992,0.826416,0.406995,0.095712,0.9983,0.526461,0.825943,-0.121538,0.9294,0.528752,0.78515,0.16172,0.0707,0.852179,0.829063,0.011754,0.9186,0.844391,0.803158,0.254692,0.1149,0.868805,0.757734,0.026985,0.9224,0.863223,0.737419,0.257383,0.1576,0.959759,0.851613,0.072213,0.8896,0.965637,0.849548,0.277966,0.1665
balasana_y107_0048,balasana,,Y107,holdout,unlabelled,,not stated by the host (web photographs); included for research and education,data/datasets/yoga107/balasana/048.jpg,True,240,116,True,0.9968,0.1177,25.819,30.904,157.379,157.366,161.643,159.143,18.005,19.471,105.149,108.284,25.819,30.904,157.366,157.379,105.149,108.284,18.005,19.471,169.985,172.716,18.005,25.819,157.379,172.716,98.061,-98.061,39.522,55.152,38.073,25.87,0.1402,0.2688,0.0655,0.1173,0.458403,0.679501,-0.005551,0.999,0.435427,0.673118,-0.026802,0.9994,0.434189,0.668985,-0.026074,0.9993,0.432992,0.664745,-0.026107,0.9994,0.433263,0.669324,0.003422,0.9992,0.430486,0.662183,0.002548,0.9991,0.427793,0.655191,0.00261,0.9992,0.429877,0.613147,-0.082636,0.9981,0.426701,0.605219,0.042616,0.9987,0.47017,0.647526,-0.024265,0.9967,0.467738,0.643775,0.0122,0.9975,0.48673,0.533123,-0.131407,0.9989,0.465233,0.469245,0.084097,0.9968,0.324289,0.698662,-0.224739,0.9695,0.31882,0.638028,0.165582,0.1177,0.150892,0.721245,-0.201973,0.9757,0.165535,0.674116,0.076615,0.6508,0.095204,0.713311,-0.230775,0.9702,0.120901,0.664783,0.075648,0.7829,0.091512,0.695971,-0.21074,0.9659,0.122077,0.665892,0.049213,0.7893,0.114693,0.692323,-0.193086,0.9554,0.13637,0.667993,0.061855,0.7694,0.812981,0.439877,-0.086934,0.999,0.773849,0.376457,0.088036,0.9984,0.561902,0.691788,-0.116021,0.9435,0.537541,0.633566,0.145659,0.1412,0.806743,0.691336,0.006612,0.8921,0.79103,0.662564,0.224622,0.2064,0.824269,0.638538,0.020559,0.8892,0.802979,0.620024,0.223673,0.2361,0.911713,0.712643,0.078226,0.859,0.904569,0.690445,0.255621,0.2535
balasana_y107_0049,balasana,,Y107,train,unlabelled,,not stated by the host (web photographs); included for research and education,data/datasets/yoga107/balasana/049.jpg,True,565,203,True,0.9888,0.1591,25.908,22.927,155.105,156.778,153.297,154.664,20.62,18.366,108.994,108.388,22.927,25.908,155.105,156.778,108.388,108.994,18.366,20.62,166.844,167.17,18.366,22.927,156.778,167.17,95.694,95.694,54.922,64.574,37.151,23.924,0.0992,0.2447,0.0989,0.0814,0.521836,0.719475,-0.00649,0.9988,0.54668,0.719899,-6.6e-05,0.9989,0.548795,0.714241,0.000955,0.9986,0.551062,0.707867,0.000686,0.9989,0.546685,0.717497,-0.03011,0.9987,0.548573,0.710484,-0.031113,0.9985,0.550402,0.703674,-0.030767,0.999,0.564504,0.627323,0.053082,0.9992,0.559998,0.639619,-0.101132,0.9983,0.509759,0.681439,0.014715,0.9976,0.509688,0.67283,-0.029343,0.9969,0.536731,0.440029,0.094298,0.9974,0.524264,0.51302,-0.150254,0.9988,0.663175,0.664588,0.168586,0.2352,0.672048,0.759133,-0.198106,0.9748,0.840143,0.730709,0.122845,0.5027,0.870819,0.83366,-0.089841,0.9565,0.889949,0.726619,0.123255,0.5814,0.909241,0.838619,-0.10917,0.938,0.89283,0.73448,0.096042,0.5817,0.909796,0.813447,-0.086654,0.9375,0.87129,0.731421,0.111839,0.5727,0.893845,0.807681,-0.082204,0.9313,0.192536,0.342071,0.09134,0.9888,0.158454,0.413943,-0.090203,0.9916,0.443701,0.689975,0.116774,0.1632,0.436692,0.757504,-0.09826,0.8941,0.197037,0.683375,0.197657,0.1591,0.169423,0.744553,-0.006029,0.769,0.176585,0.62624,0.20107,0.1579,0.151682,0.648526,0.005334,0.8168,0.086131,0.736589,0.228672,0.225,0.071373,0.759073,0.076602,0.7642
balasana_y107_0050,balasana,,Y107,train,unlabelled,,not stated by the host (web photographs); included for research and education,data/datasets/yoga107/balasana/050.jpg,True,637,246,True,0.9969,0.1843,28.334,33.41,163.244,167.18,157.893,157.701,23.546,27.079,113.538,114.969,28.334,33.41,163.244,167.18,113.538,114.969,23.546,27.079,164.264,166.802,23.546,28.334,163.244,166.802,99.801,-99.801,45.193,40.068,20.844,33.885,0.1702,0.2703,0.0988,0.1383,0.470621,0.703282,-0.036543,0.9995,0.450393,0.698509,-0.0587,0.9996,0.449916,0.693439,-0.057919,0.9996,0.449217,0.688123,-0.057949,0.9997,0.447892,0.695065,-0.025871,0.9996,0.445933,0.688049,-0.026738,0.9995,0.443921,0.681421,-0.026736,0.9995,0.445537,0.622885,-0.116942,0.9989,0.439054,0.617431,0.020605,0.9991,0.480893,0.664986,-0.056384,0.9983,0.477055,0.659562,-0.01627,0.9983,0.497906,0.514772,-0.157928,0.999,0.46379,0.440464,0.067252,0.9972,0.367834,0.728898,-0.252311,0.9877,0.341164,0.635288,0.155966,0.2304,0.199548,0.851302,-0.224381,0.9886,0.19827,0.760614,0.057692,0.8196,0.152886,0.870692,-0.25677,0.9762,0.147077,0.78203,0.05674,0.8981,0.139303,0.853622,-0.23371,0.979,0.144791,0.790463,0.026606,0.9022,0.157193,0.844321,-0.214282,0.975,0.160608,0.787003,0.040954,0.8881,0.8241,0.360673,-0.090826,0.9982,0.77302,0.310313,0.091931,0.9969,0.601838,0.747202,-0.129704,0.9571,0.577337,0.682673,0.144956,0.1843,0.843006,0.686503,-0.000502,0.9138,0.814153,0.651599,0.230095,0.204,0.848862,0.581546,0.013884,0.9141,0.81722,0.572816,0.230958,0.2422,0.934031,0.713191,0.078675,0.8895,0.906411,0.704823,0.272973,0.2681
balasana_y107_0051,balasana,,Y107,train,unlabelled,,not stated by the host (web photographs); included for research and education,data/datasets/yoga107/balasana/051.jpg,True,769,402,True,0.9532,0.064,35.708,38.106,105.25,114.869,88.021,80.666,58.722,61.233,139.491,152.666,35.708,38.106,105.25,114.869,139.491,152.666,58.722,61.233,107.232,122.846,58.722,35.708,105.25,122.846,81.18,-81.18,13.467,70.544,27.02,51.06,-0.1533,0.1954,0.0714,0.0728,0.349709,0.447788,-0.024009,0.9915,0.32515,0.415172,-0.054259,0.9931,0.325538,0.408554,-0.053517,0.9941,0.325945,0.398022,-0.05361,0.9951,0.324554,0.418563,-0.018952,0.9886,0.324501,0.414105,-0.019709,0.9858,0.324071,0.407986,-0.019269,0.9829,0.342944,0.324506,-0.121889,0.996,0.339871,0.3359,0.02259,0.9767,0.377846,0.432962,-0.047283,0.9933,0.37764,0.437659,-0.005047,0.9855,0.48477,0.331881,-0.198238,0.9973,0.493884,0.282529,0.125752,0.9532,0.459711,0.813542,-0.232642,0.9815,0.491063,0.684592,0.156094,0.0787,0.237687,0.88512,-0.179737,0.9895,0.353413,0.802382,0.10003,0.064,0.174403,0.909449,-0.214891,0.9756,0.303857,0.764722,0.099832,0.0874,0.171229,0.880023,-0.199699,0.9774,0.295177,0.767339,0.086742,0.0822,0.194873,0.865899,-0.176106,0.982,0.312373,0.788979,0.08832,0.0895,0.876514,0.432696,-0.089153,0.9981,0.845394,0.402338,0.090358,0.995,0.680857,0.895883,-0.127598,0.9818,0.653561,0.857619,0.172045,0.314,0.949487,0.754799,0.031684,0.8991,0.924142,0.737888,0.223838,0.1988,0.961913,0.699972,0.050831,0.882,0.983814,0.651368,0.224372,0.2814,1.063998,0.901301,0.129301,0.8278,1.035307,0.82693,0.255958,0.2277
balasana_y107_0052,balasana,,Y107,holdout,unlabelled,,not stated by the host (web photographs); included for research and education,data/datasets/yoga107/balasana/052.jpg,True,273,88,True,0.999,0.1575,26.452,28.962,166.669,156.652,164.668,172.078,21.905,21.884,103.417,96.773,26.452,28.962,156.652,166.669,96.773,103.417,21.884,21.905,170.023,177.756,21.884,28.962,156.652,177.756,96.433,96.433,3.904,69.253,7.346,25.345,0.112,0.1098,0.0849,0.1326,0.629112,0.676599,0.019721,0.9998,0.63515,0.629937,0.02965,0.9998,0.634354,0.624034,0.030728,0.9998,0.633562,0.618641,0.030805,0.9998,0.634827,0.633941,-0.002675,0.9998,0.633893,0.630652,-0.003397,0.9998,0.632951,0.627596,-0.002949,0.9998,0.618473,0.583326,0.088921,0.9999,0.617128,0.59543,-0.074728,0.9998,0.61446,0.67649,0.041372,0.9997,0.614293,0.679067,-0.005432,0.9996,0.540516,0.524956,0.150371,0.999,0.553885,0.634452,-0.129759,0.999,0.631037,0.620405,0.264225,0.2847,0.662928,0.73748,-0.156623,0.9131,0.695052,0.639321,0.276566,0.4257,0.7506,0.70693,-0.002366,0.7579,0.712655,0.625011,0.284248,0.4714,0.777336,0.699761,-0.019703,0.7073,0.707891,0.617312,0.262445,0.4866,0.766229,0.658395,-0.004696,0.697,0.699888,0.628758,0.268462,0.4978,0.753669,0.662934,0.00227,0.7114,0.276925,0.475802,0.110432,0.9997,0.251927,0.485801,-0.109122,0.9997,0.407947,0.668328,0.199385,0.1575,0.390589,0.743264,-0.090513,0.96,0.222429,0.679451,0.221518,0.3637,0.202909,0.723553,-0.024596,0.9349,0.211529,0.617771,0.220019,0.4274,0.193149,0.665179,-0.013574,0.9141,0.1448,0.744512,0.252518,0.5013,0.131095,0.761667,0.049792,0.9303
balasana_y107_0053,balasana,,Y107,train,unlabelled,,not stated by the host (web photographs); included for research and education,data/datasets/yoga107/balasana/053.jpg,True,534,200,True,0.9977,0.0556,24.2,27.655,160.774,156.289,160.952,156.982,21.541,19.744,105.47,107.652,24.2,27.655,156.289,160.774,105.47,107.652,19.744,21.541,168.413,168.618,21.541,24.2,160.774,168.413,95.021,-95.021,45.545,54.303,37.926,25.424,0.0875,0.2797,0.0578,0.0338,0.488578,0.763448,0.008401,0.9989,0.466489,0.753392,-0.018969,0.9995,0.464467,0.746992,-0.01785,0.9995,0.462252,0.740094,-0.018037,0.9996,0.466943,0.753507,0.016624,0.9993,0.465286,0.747585,0.015615,0.999,0.463342,0.74126,0.016037,0.9992,0.45512,0.661624,-0.082513,0.9995,0.45575,0.667294,0.066424,0.9993,0.50035,0.722286,-0.014082,0.9974,0.50231,0.721757,0.028951,0.9977,0.501038,0.518006,-0.116087,0.9995,0.50786,0.492654,0.125061,0.9977,0.34102,0.698764,-0.150883,0.9811,0.380844,0.682877,0.20883,0.0934,0.230584,0.717861,-0.044124,0.9273,0.241088,0.719315,0.152475,0.2171,0.206952,0.701238,-0.064025,0.9004,0.228651,0.705517,0.136007,0.2797,0.213745,0.682301,-0.056097,0.8929,0.23072,0.709934,0.132181,0.2803,0.224444,0.678465,-0.039389,0.8782,0.235168,0.71439,0.140876,0.2981,0.862248,0.452537,-0.096117,0.9995,0.835353,0.396581,0.096985,0.9984,0.619907,0.760112,-0.105973,0.9313,0.610523,0.689551,0.187758,0.0556,0.872587,0.745694,0.038251,0.8993,0.858262,0.7085,0.276647,0.1128,0.874575,0.68601,0.054231,0.8958,0.870478,0.648469,0.277331,0.162,0.954947,0.781994,0.096786,0.8566,0.946593,0.756293,0.301512,0.1689
balasana_y107_0054,balasana,,Y107,train,unlabelled,,not stated by the host (web photographs); included for research and education,data/datasets/yoga107/balasana/054.jpg,True,1024,478,True,0.9973,0.0373,22.752,19.437,171.812,168.515,22.46,25.634,16.661,12.807,102.125,102.859,19.437,22.752,168.515,171.812,102.125,102.859,12.807,16.661,18.833,20.323,12.807,19.437,168.515,20.323,97.093,97.093,22.051,80.076,73.758,20.272,0.1235,0.3281,0.0469,0.0831,0.67839,0.861529,-0.020414,0.9828,0.70041,0.845215,-0.005218,0.9716,0.701095,0.840798,-0.004269,0.969,0.701907,0.835667,-0.005021,0.979,0.700093,0.842368,-0.038939,0.9751,0.70048,0.836037,-0.03964,0.9702,0.700988,0.82857,-0.039068,0.9787,0.698406,0.770995,0.069708,0.9745,0.697354,0.77255,-0.088027,0.965,0.659432,0.838559,0.005453,0.974,0.659623,0.83425,-0.037869,0.9754,0.602265,0.634877,0.1694,0.9973,0.60637,0.685141,-0.173338,0.9991,0.438901,0.733593,0.148357,0.0373,0.44033,0.801879,-0.215628,0.7254,0.305004,0.771683,0.105873,0.0823,0.290977,0.839376,-0.188565,0.8643,0.277234,0.78067,0.1162,0.1044,0.25144,0.827463,-0.225413,0.8498,0.272841,0.770441,0.094701,0.1039,0.244287,0.839901,-0.196754,0.8383,0.280257,0.76763,0.095771,0.1067,0.258521,0.832916,-0.18257,0.7735,0.322469,0.564376,0.110702,0.9983,0.317088,0.603944,-0.109106,0.9976,0.557149,0.781613,0.157145,0.0616,0.568769,0.803088,-0.080743,0.6648,0.314335,0.776008,0.274754,0.1954,0.304141,0.794822,0.073011,0.5579,0.300664,0.735802,0.286403,0.2256,0.288397,0.750611,0.086033,0.6291,0.226458,0.815128,0.339077,0.277,0.215546,0.83237,0.147551,0.5299
balasana_y107_0055,balasana,,Y107,train,unlabelled,,not stated by the host (web photographs); included for research and education,data/datasets/yoga107/balasana/055.jpg,True,1024,443,True,0.9985,0.0489,40.117,37.076,150.657,144.064,150.086,118.962,29.322,36.503,115.643,135.404,37.076,40.117,144.064,150.657,115.643,135.404,29.322,36.503,141.201,167.852,29.322,40.117,150.657,167.852,100.179,-100.179,39.046,88.733,46.114,42.817,0.1767,0.2844,0.0973,0.1907,0.434157,0.693896,0.070809,0.9992,0.421528,0.695314,0.039234,0.9996,0.416425,0.692453,0.040169,0.9995,0.415927,0.69046,0.040124,0.9996,0.417949,0.683638,0.071468,0.9995,0.415752,0.676149,0.070493,0.9994,0.408476,0.668443,0.071176,0.9996,0.415203,0.644984,-0.031752,0.9991,0.404142,0.620506,0.095957,0.9997,0.444376,0.680729,0.047916,0.9981,0.442529,0.664843,0.084617,0.9986,0.462863,0.559619,-0.076235,0.9995,0.461568,0.424212,0.166702,0.9985,0.387967,0.723385,-0.104067,0.8242,0.434543,0.576088,0.299762,0.0489,0.235914,0.811446,-0.020396,0.9193,0.337935,0.714045,0.324314,0.2292,0.219953,0.77369,-0.031101,0.9216,0.31051,0.73022,0.314137,0.317,0.223533,0.781484,-0.033115,0.9163,0.308137,0.720367,0.307634,0.3076,0.224637,0.785679,-0.021505,0.9109,0.31653,0.723053,0.317337,0.3176,0.77338,0.387367,-0.088642,1.0,0.755927,0.345425,0.089643,0.9999,0.601024,0.756505,-0.109512,0.9597,0.573918,0.739233,0.162094,0.1398,0.852009,0.729154,-0.013027,0.9541,0.832938,0.675971,0.194496,0.3397,0.8636,0.671921,0.002433,0.9303,0.852339,0.627198,0.190915,0.3427,0.953998,0.744176,0.059279,0.9304,0.938662,0.716374,0.194898,0.416
balasana_y107_0056,balasana,,Y107,holdout,unlabelled,,not stated by the host (web photographs); included for research and education,data/datasets/yoga107/balasana/056.jpg,True,583,308,True,0.9998,0.0699,39.194,46.16,151.698,173.314,42.8,21.051,33.698,27.833,102.034,99.175,39.194,46.16,151.698,173.314,99.175,102.034,27.833,33.698,24.099,29.749,33.698,39.194,151.698,29.749,106.353,-106.353,10.413,80.279,64.35,42.756,0.2815,0.2585,0.0598,0.2007,0.213288,0.731216,0.009108,0.9998,0.184693,0.720359,-0.013704,0.9997,0.183258,0.717065,-0.01302,0.9997,0.181331,0.712812,-0.013491,0.9998,0.183174,0.712657,0.017286,0.9997,0.180777,0.705109,0.016081,0.9997,0.178381,0.698359,0.017089,0.9997,0.177085,0.64633,-0.065054,0.9998,0.175212,0.629517,0.065382,0.9998,0.235181,0.687576,-0.010487,0.9998,0.234432,0.67906,0.029092,0.9998,0.294265,0.608055,-0.136688,1.0,0.280452,0.455438,0.150251,0.9998,0.560985,0.844392,-0.204294,0.9876,0.538684,0.507912,0.166172,0.0699,0.813406,0.817543,-0.146061,0.9941,0.750816,0.59924,0.173318,0.1184,0.883235,0.801398,-0.176283,0.9882,0.805166,0.601026,0.185857,0.096,0.890895,0.815921,-0.145258,0.9865,0.817506,0.628011,0.166157,0.0867,0.867686,0.815462,-0.136686,0.9768,0.788296,0.616092,0.161375,0.0882,0.691921,0.367623,-0.081968,0.9999,0.664986,0.261446,0.083183,0.9998,0.491114,0.843981,-0.080505,0.7875,0.430182,0.672382,0.176329,0.1156,0.772871,0.728493,0.089626,0.7327,0.750886,0.70849,0.231812,0.1264,0.786956,0.675812,0.107807,0.6248,0.780607,0.649162,0.231678,0.1791,0.85648,0.85692,0.161075,0.7272,0.876578,0.750345,0.243093,0.1826
balasana_y107_0057,balasana,,Y107,train,unlabelled,,not stated by the host (web photographs); included for research and education,data/datasets/yoga107/balasana/057.jpg,True,481,546,True,0.9946,0.5889,80.975,92.62,166.293,159.404,73.482,52.131,31.769,38.166,20.21,20.383,80.975,92.62,159.404,166.293,20.21,20.383,31.769,38.166,61.969,66.996,38.166,92.62,159.404,61.969,95.15,-95.15,3.508,39.378,36.372,28.975,0.0898,-0.1443,0.28,0.4693,0.225051,0.644223,-0.298971,0.9995,0.198878,0.664272,-0.292725,0.9994,0.196383,0.665043,-0.291753,0.9995,0.193974,0.666348,-0.292362,0.9996,0.207885,0.673478,-0.323924,0.9991,0.211894,0.680897,-0.324921,0.9988,0.21633,0.689347,-0.323837,0.9985,0.214886,0.701458,-0.200882,0.9996,0.243506,0.729319,-0.349803,0.9975,0.250021,0.637681,-0.264778,0.9999,0.262377,0.650783,-0.305654,0.9997,0.333307,0.642718,-0.070117,0.9998,0.470276,0.741753,-0.361932,0.9964,0.397605,0.410793,-0.060075,0.7938,0.618345,0.517823,-0.372588,0.9667,0.509779,0.22041,-0.113838,0.8051,0.663378,0.283907,-0.355813,0.9652,0.523153,0.175723,-0.11075,0.7309,0.69894,0.223354,-0.39027,0.9507,0.529862,0.173944,-0.14828,0.7468,0.663772,0.210885,-0.394039,0.9487,0.538562,0.191103,-0.125272,0.7525,0.64618,0.229388,-0.360592,0.9242,0.721793,0.626018,0.08339,0.9946,0.833875,0.69874,-0.081726,0.9955,0.415804,0.476749,-0.001598,0.6188,0.558066,0.555513,-0.196009,0.9809,0.654749,0.207321,-0.006848,0.5889,0.759422,0.220463,-0.152069,0.9865,0.717397,0.180163,-0.01314,0.576,0.814929,0.183814,-0.152425,0.9576,0.607626,0.099336,-0.073121,0.7524,0.727443,0.074417,-0.212977,0.9793
balasana_y107_0058,balasana,,Y107,train,unlabelled,,not stated by the host (web photographs); included for research and education,data/datasets/yoga107/balasana/058.jpg,True,511,239,True,0.9511,0.029,36.855,28.603,49.864,105.452,136.721,137.813,45.861,40.843,94.579,98.245,28.603,36.855,49.864,105.452,94.579,98.245,40.843,45.861,165.2,173.302,45.861,36.855,49.864,173.302,85.68,-85.68,41.846,71.352,75.011,34.288,-0.0753,0.3304,0.0227,0.015,0.389313,0.576344,-0.001708,0.9775,0.377837,0.564209,-0.033065,0.9907,0.373443,0.55624,-0.032166,0.9921,0.372914,0.546887,-0.031997,0.9924,0.378099,0.561729,0.002351,0.9857,0.377954,0.556257,0.001451,0.9812,0.37749,0.545564,0.002033,0.9842,0.375718,0.500316,-0.105043,0.9926,0.378539,0.503693,0.038634,0.9815,0.400259,0.558913,-0.026574,0.971,0.401865,0.555454,0.014788,0.9555,0.441319,0.399476,-0.142842,0.9892,0.442548,0.391691,0.100869,0.9511,0.348598,0.572783,-0.172463,0.6192,0.380112,0.487376,0.217191,0.0326,0.347284,0.415578,-0.046728,0.3919,0.342616,0.422651,0.255213,0.029,0.341357,0.382002,-0.048014,0.4087,0.334554,0.404006,0.26792,0.0415,0.354601,0.369903,-0.055731,0.4072,0.345552,0.394109,0.267474,0.0445,0.360391,0.384731,-0.046098,0.4158,0.348757,0.404772,0.254093,0.0563,0.699168,0.419875,-0.095679,0.9994,0.694932,0.453698,0.096593,0.9991,0.593677,0.635728,-0.193074,0.932,0.582844,0.617105,0.115389,0.3997,0.783608,0.586683,-0.140467,0.8833,0.7821,0.574692,0.022635,0.7002,0.788722,0.542888,-0.131881,0.8771,0.793221,0.533389,0.011544,0.7247,0.86335,0.637706,-0.116414,0.9127,0.86588,0.603215,-0.009258,0.7725
balasana_y107_0060,balasana,,Y107,holdout,unlabelled,,not stated by the host (web photographs); included for research and education,data/datasets/yoga107/balasana/060.jpg,True,977,733,True,0.9988,0.1154,25.818,30.012,173.918,168.982,167.084,159.707,25.013,25.812,100.109,103.8,25.818,30.012,168.982,173.918,100.109,103.8,25.013,25.812,165.47,170.301,25.013,25.818,173.918,170.301,89.851,-89.851,50.876,57.887,37.286,25.083,-0.0026,0.2796,0.0968,0.1093,0.468742,0.636499,-0.058167,0.9992,0.443588,0.638098,-0.080441,0.9994,0.441198,0.635538,-0.079581,0.9994,0.438809,0.633175,-0.079619,0.9994,0.442405,0.634858,-0.049303,0.9992,0.439147,0.629996,-0.050225,0.999,0.435861,0.625422,-0.050087,0.999,0.42769,0.596605,-0.135793,0.9989,0.425525,0.58825,-0.007367,0.9988,0.473738,0.606585,-0.076839,0.9965,0.474209,0.605455,-0.039418,0.9972,0.488793,0.528811,-0.164268,0.9996,0.468681,0.4861,0.045932,0.9988,0.330219,0.578874,-0.231256,0.9876,0.318403,0.557281,0.140511,0.3794,0.148732,0.609622,-0.201636,0.9835,0.145477,0.591915,0.068254,0.7913,0.109915,0.650061,-0.233485,0.9791,0.095635,0.624765,0.06279,0.8419,0.103517,0.650679,-0.220611,0.9767,0.096729,0.636553,0.043649,0.8448,0.11985,0.64098,-0.196905,0.9636,0.118196,0.628861,0.054861,0.8334,0.841539,0.525445,-0.0849,0.9994,0.808452,0.491866,0.086065,0.9989,0.605382,0.675062,-0.106608,0.9195,0.578729,0.635187,0.154521,0.1154,0.863895,0.677436,0.025742,0.8625,0.83187,0.664283,0.245662,0.1234,0.880951,0.657296,0.039932,0.8247,0.848211,0.650385,0.246386,0.1624,0.945614,0.703256,0.102682,0.8081,0.922149,0.692161,0.292772,0.1443
balasana_y107_0061,balasana,,Y107,train,unlabelled,,not stated by the host (web photographs); included for research and education,data/datasets/yoga107/balasana/061.jpg,True,235,164,True,0.9982,0.1286,93.91,95.429,146.816,141.659,38.739,44.286,15.322,10.322,31.75,21.349,93.91,95.429,141.659,146.816,21.349,31.75,10.322,15.322,53.532,64.96,10.322,95.429,141.659,64.96,94.176,-94.176,11.369,43.179,74.304,6.631,0.0728,-0.1943,0.127,0.2132,0.252537,0.625795,-0.034763,1.0,0.226939,0.644694,-0.026996,1.0,0.227233,0.64807,-0.025978,1.0,0.227438,0.65248,-0.025809,1.0,0.224561,0.652172,-0.05931,1.0,0.223126,0.661164,-0.059963,1.0,0.22174,0.671201,-0.059397,1.0,0.240883,0.711897,0.054444,1.0,0.237521,0.730133,-0.111044,1.0,0.286378,0.643648,-0.00344,1.0,0.28296,0.655907,-0.048345,1.0,0.444209,0.704444,0.162849,0.9995,0.373877,0.799014,-0.181323,1.0,0.588734,0.508211,0.238829,0.1288,0.505149,0.590274,-0.294223,0.9606,0.62596,0.283579,0.195118,0.1555,0.519801,0.264055,-0.334464,0.8864,0.638293,0.240406,0.209799,0.1459,0.535539,0.161916,-0.344994,0.8607,0.610302,0.207297,0.176686,0.1637,0.512622,0.165321,-0.318969,0.8563,0.609934,0.240729,0.18369,0.1668,0.514454,0.17949,-0.322694,0.822,0.870094,0.654073,0.102313,0.9982,0.850307,0.754976,-0.100498,0.9998,0.581955,0.576778,0.302913,0.1286,0.547113,0.704467,-0.124526,0.9787,0.607931,0.259631,0.447337,0.2619,0.554047,0.231128,-0.100246,0.915,0.633469,0.172384,0.456785,0.2639,0.591683,0.164881,-0.100357,0.9125,0.464261,0.167456,0.427858,0.3831,0.432436,0.11465,-0.143219,0.92
balasana_y107_0062,balasana,,Y107,train,unlabelled,,not stated by the host (web photographs); included for research and education,data/datasets/yoga107/balasana/062.jpg,True,577,270,True,0.9987,0.2259,75.866,81.992,162.285,164.693,173.334,171.182,45.288,45.025,109.101,110.023,75.866,81.992,162.285,164.693,109.101,110.023,45.025,45.288,163.63,163.634,45.288,75.866,162.285,163.634,125.911,-125.911,6.357,78.67,54.83,80.754,0.5865,0.2484,0.087,0.1112,0.387758,0.751571,0.019505,0.9998,0.366327,0.74611,0.001307,0.9998,0.365727,0.741688,0.001905,0.9998,0.365311,0.737811,0.00195,0.9998,0.36482,0.745376,0.030754,0.9999,0.363237,0.740274,0.029699,0.9999,0.361903,0.735834,0.030359,0.9999,0.366325,0.697078,-0.042586,0.9996,0.365708,0.689399,0.080817,0.9999,0.400339,0.718911,0.005419,0.9995,0.399478,0.718365,0.041122,0.9996,0.419826,0.619177,-0.099664,0.9997,0.426809,0.544697,0.153295,0.9988,0.297669,0.762698,-0.182213,0.9937,0.307094,0.678303,0.249396,0.3572,0.132362,0.831916,-0.140029,0.9913,0.178555,0.738037,0.180961,0.7534,0.093445,0.849233,-0.16705,0.9866,0.141283,0.732733,0.18622,0.8189,0.08841,0.829909,-0.1411,0.9832,0.141168,0.731311,0.167288,0.8195,0.101767,0.824235,-0.12769,0.9785,0.152106,0.739714,0.169624,0.8193,0.690603,0.20693,-0.101965,0.9993,0.67373,0.155759,0.10287,0.9987,0.651412,0.721432,-0.078868,0.9913,0.640118,0.63172,0.168864,0.2259,0.874472,0.680667,0.012578,0.9669,0.855972,0.636343,0.241093,0.3162,0.891698,0.642472,0.0222,0.9544,0.873453,0.607475,0.242083,0.3964,0.947172,0.754962,0.057648,0.9465,0.928811,0.735108,0.275841,0.4481
balasana_y107_0063,balasana,,Y107,train,unlabelled,,not stated by the host (web photographs); included for research and education,data/datasets/yoga107/balasana/063.jpg,True,440,241,True,0.9906,0.1045,28.858,22.001,164.98,167.088,156.412,151.183,21.268,14.832,113.981,124.409,22.001,28.858,164.98,167.088,113.981,124.409,14.832,21.268,157.588,164.624,14.832,22.001,167.088,157.588,100.282,100.282,50.512,47.537,43.641,26.829,0.1785,0.3079,0.1697,0.2382,0.518475,0.622583,-0.174132,0.9999,0.536224,0.623702,-0.169823,0.9998,0.537541,0.619928,-0.168963,0.9998,0.538657,0.616035,-0.168795,0.9998,0.53337,0.625145,-0.1961,0.9999,0.532727,0.622532,-0.196745,0.9999,0.531746,0.619986,-0.196752,0.9999,0.537264,0.566664,-0.11199,0.9998,0.527056,0.583156,-0.250352,0.9999,0.502607,0.590677,-0.14948,0.9998,0.499373,0.591479,-0.1884,0.9997,0.521101,0.420415,-0.039175,0.9993,0.476098,0.510195,-0.299765,0.9998,0.638696,0.55558,-0.012259,0.6775,0.582224,0.677529,-0.444678,0.9896,0.798654,0.645827,-0.10261,0.9335,0.704233,0.795483,-0.502472,0.9946,0.85743,0.660712,-0.10755,0.9379,0.740517,0.832524,-0.558496,0.9903,0.861375,0.679081,-0.140877,0.9393,0.75242,0.816426,-0.522096,0.9901,0.84281,0.679688,-0.118636,0.9305,0.740908,0.797996,-0.496459,0.9849,0.241114,0.343057,0.101255,0.9906,0.205433,0.405182,-0.099428,0.9948,0.423316,0.534132,0.168004,0.1222,0.416173,0.599783,-0.155886,0.9354,0.237271,0.528114,0.31972,0.1045,0.194435,0.565586,0.037936,0.7995,0.219778,0.502936,0.330463,0.1231,0.180794,0.532511,0.055985,0.7819,0.166654,0.541161,0.37348,0.1361,0.141681,0.568638,0.113128,0.7275
balasana_y107_0065,balasana,,Y107,train,unlabelled,,not stated by the host (web photographs); included for research and education,data/datasets/yoga107/balasana/065.jpg,True,561,205,True,0.9982,0.1223,29.923,25.711,156.16,154.977,147.464,147.778,24.754,22.775,116.452,113.752,25.711,29.923,154.977,156.16,113.752,116.452,22.775,24.754,156.744,159.205,22.775,25.711,154.977,159.205,93.072,93.072,71.708,71.303,15.281,25.732,0.0536,0.2802,0.0285,0.0277,0.480808,0.739775,0.027824,0.999,0.502806,0.751414,0.036428,0.9988,0.504877,0.750372,0.037646,0.9985,0.507156,0.749404,0.037469,0.9988,0.503532,0.745282,0.005248,0.999,0.50599,0.739552,0.004111,0.9989,0.508738,0.73328,0.004652,0.9993,0.527446,0.696526,0.096696,0.9993,0.527723,0.679941,-0.065319,0.9989,0.474305,0.708097,0.050567,0.9978,0.476345,0.701555,0.004258,0.9975,0.508003,0.463579,0.130147,0.9982,0.504949,0.488269,-0.108592,0.9993,0.614604,0.673451,0.222526,0.1223,0.645944,0.760235,-0.137248,0.9654,0.69703,0.720953,0.193914,0.1508,0.789034,0.830378,-0.009995,0.8795,0.715545,0.722883,0.193928,0.2056,0.801153,0.827787,-0.018789,0.8445,0.717026,0.683554,0.170308,0.2072,0.798643,0.811462,-0.001684,0.8457,0.709297,0.687807,0.185071,0.2119,0.797369,0.814135,-0.002777,0.8389,0.179133,0.413319,0.093414,0.9982,0.146632,0.437618,-0.092462,0.9986,0.41918,0.76188,0.11406,0.1925,0.420467,0.798788,-0.089496,0.9364,0.179135,0.784504,0.176591,0.2334,0.170757,0.798533,-0.009452,0.893,0.165637,0.709284,0.178884,0.224,0.160983,0.722206,0.00286,0.9106,0.062472,0.804941,0.184754,0.286,0.047554,0.829487,0.060971,0.8779
balasana_y107_0066,balasana,,Y107,train,unlabelled,,not stated by the host (web photographs); included for research and education,data/datasets/yoga107/balasana/066.jpg,True,382,123,True,0.996,0.0852,26.858,28.943,162.634,161.316,155.323,148.992,21.938,24.964,110.358,112.548,26.858,28.943,161.316,162.634,110.358,112.548,21.938,24.964,159.412,164.324,21.938,26.858,162.634,164.324,93.317,-93.317,46.519,44.334,35.808,26.62,0.0579,0.2558,0.1636,0.2197,0.473159,0.646007,-0.074683,0.9975,0.458788,0.642118,-0.097237,0.9982,0.458646,0.640335,-0.096506,0.9982,0.4583,0.639026,-0.096498,0.9983,0.456179,0.631694,-0.065583,0.9971,0.454088,0.622977,-0.066441,0.9967,0.452034,0.615881,-0.066394,0.9966,0.457332,0.592396,-0.154584,0.9955,0.450473,0.570172,-0.022803,0.9948,0.483821,0.618732,-0.093713,0.9903,0.480975,0.607597,-0.054943,0.9909,0.510333,0.506239,-0.190502,0.999,0.470832,0.38638,0.034622,0.996,0.401694,0.696037,-0.281351,0.9852,0.380316,0.56872,0.121836,0.2137,0.270577,0.782541,-0.26026,0.9787,0.24874,0.672766,0.021813,0.7373,0.246472,0.806213,-0.296858,0.9736,0.221144,0.675077,0.021393,0.8385,0.240236,0.777368,-0.278274,0.9703,0.219908,0.690211,-0.00631,0.8437,0.244107,0.766715,-0.254273,0.9529,0.227914,0.693214,0.005682,0.8288,0.760118,0.442701,-0.094743,0.9982,0.723013,0.359567,0.095929,0.9963,0.591182,0.705665,-0.125309,0.9109,0.5558,0.623308,0.160572,0.0852,0.771401,0.707989,0.012706,0.872,0.735989,0.643034,0.25923,0.0882,0.783411,0.634459,0.027041,0.866,0.753056,0.584541,0.260411,0.1287,0.831764,0.710878,0.094873,0.8389,0.798555,0.680391,0.311167,0.1155
balasana_y107_0067,balasana,,Y107,train,unlabelled,,not stated by the host (web photographs); included for research and education,data/datasets/yoga107/balasana/067.jpg,True,290,138,True,0.9978,0.0239,39.546,67.163,162.597,172.337,0.493,47.725,37.632,55.406,74.749,93.866,39.546,67.163,162.597,172.337,74.749,93.866,37.632,55.406,7.928,44.238,55.406,67.163,172.337,44.238,121.866,121.866,2.974,30.017,1.093,60.811,0.5279,0.3812,0.4086,0.5484,0.735047,0.857958,-0.220055,0.9997,0.772268,0.831368,-0.222585,0.9994,0.774725,0.826748,-0.221531,0.9994,0.776426,0.822118,-0.221735,0.9993,0.765891,0.82873,-0.242428,0.9996,0.763513,0.820841,-0.243073,0.9997,0.762291,0.812944,-0.242808,0.9997,0.76651,0.745432,-0.189034,0.9995,0.750355,0.741982,-0.290537,0.9998,0.709913,0.83191,-0.203682,0.9999,0.701763,0.822579,-0.231945,0.9999,0.70692,0.497411,-0.088077,0.9995,0.549738,0.688246,-0.314888,0.9999,0.553689,0.362809,0.01111,0.0721,0.335412,0.746369,-0.286189,0.9973,0.430068,0.33879,0.087886,0.0239,0.154853,0.744319,-0.201722,0.9819,0.405937,0.323233,0.104964,0.0269,0.098701,0.721334,-0.227457,0.9554,0.38751,0.329876,0.090339,0.0295,0.095287,0.730799,-0.219816,0.9574,0.38882,0.328895,0.086154,0.0326,0.12152,0.723847,-0.20149,0.9497,0.402396,0.223413,0.079425,0.9978,0.292051,0.227837,-0.078024,0.9992,0.518534,0.660299,0.264293,0.3076,0.276039,0.560387,0.022748,0.8808,0.350991,0.523276,0.411283,0.1358,0.216547,0.492183,0.301314,0.3163,0.319367,0.45309,0.42599,0.1337,0.210558,0.434014,0.331833,0.26,0.322842,0.656612,0.515482,0.1654,0.187819,0.66335,0.4141,0.3352
balasana_y107_0068,balasana,,Y107,holdout,unlabelled,,not stated by the host (web photographs); included for research and education,data/datasets/yoga107/balasana/068.jpg,True,520,192,True,0.996,0.0875,31.738,35.165,165.146,164.878,161.543,161.247,26.675,25.788,109.723,111.748,31.738,35.165,164.878,165.146,109.723,111.748,25.788,26.675,168.602,168.835,26.675,31.738,165.146,168.835,99.417,-99.417,26.592,83.602,47.783,35.233,0.1636,0.2316,0.0706,0.0705,0.416342,0.699586,0.003792,0.9992,0.397893,0.684817,-0.016906,0.9994,0.397394,0.678832,-0.016176,0.9993,0.396677,0.672879,-0.0161,0.9995,0.397833,0.681395,0.01495,0.9993,0.39727,0.673281,0.01387,0.9991,0.396482,0.665842,0.014026,0.9993,0.398514,0.59858,-0.069858,0.9984,0.398042,0.589816,0.064813,0.9989,0.430219,0.667123,-0.014515,0.9964,0.430919,0.663483,0.024341,0.9969,0.456377,0.510755,-0.121632,0.9989,0.459164,0.443443,0.131639,0.996,0.306151,0.718195,-0.200815,0.9887,0.321736,0.650625,0.228186,0.1556,0.147164,0.810983,-0.14999,0.9824,0.177191,0.748086,0.150332,0.5576,0.107954,0.817713,-0.178894,0.9741,0.13812,0.741701,0.151341,0.6834,0.104316,0.782931,-0.155132,0.9701,0.137722,0.739426,0.128156,0.6924,0.121246,0.778383,-0.139801,0.961,0.14985,0.74549,0.135154,0.6838,0.821693,0.361861,-0.100326,0.9982,0.793608,0.278024,0.101181,0.9962,0.608277,0.77009,-0.119274,0.9484,0.581459,0.697586,0.178526,0.0875,0.829444,0.733514,0.017488,0.8852,0.811206,0.687024,0.26736,0.1053,0.842,0.63868,0.033923,0.8816,0.821554,0.614201,0.268571,0.1575,0.921383,0.775639,0.096701,0.8681,0.900901,0.744025,0.310154,0.1717
balasana_y107_0069,balasana,,Y107,train,unlabelled,,not stated by the host (web photographs); included for research and education,data/datasets/yoga107/balasana/069.jpg,True,531,208,True,0.9977,0.1034,28.461,31.083,166.652,162.203,160.718,152.318,21.853,24.937,109.977,112.619,28.461,31.083,162.203,166.652,109.977,112.619,21.853,24.937,161.424,167.624,21.853,28.461,166.652,167.624,95.81,-95.81,37.578,40.113,29.243,28.98,0.1012,0.2311,0.1188,0.2287,0.484678,0.668474,-0.086078,0.9978,0.46398,0.653884,-0.110959,0.9981,0.464266,0.648442,-0.110102,0.9982,0.464762,0.642903,-0.110086,0.9982,0.461302,0.649395,-0.079164,0.9974,0.459389,0.640818,-0.079958,0.9971,0.457697,0.632752,-0.079943,0.9968,0.470399,0.583258,-0.169561,0.9964,0.46125,0.570479,-0.037635,0.9958,0.502428,0.636122,-0.104238,0.9934,0.500073,0.630414,-0.065718,0.9948,0.538488,0.534559,-0.210061,0.9993,0.480187,0.40917,0.025436,0.9983,0.393565,0.722119,-0.304984,0.9909,0.349757,0.615022,0.120695,0.3168,0.224298,0.826141,-0.288047,0.9902,0.193871,0.713719,0.024014,0.8908,0.173081,0.854712,-0.326058,0.9864,0.130916,0.736513,0.02646,0.9372,0.16478,0.83816,-0.29991,0.9846,0.131207,0.751244,-0.003491,0.9399,0.180864,0.82416,-0.279367,0.9742,0.153367,0.743717,0.007452,0.9307,0.866789,0.422709,-0.091959,0.9987,0.81504,0.348747,0.093249,0.9977,0.652094,0.732231,-0.123778,0.923,0.602502,0.649258,0.160088,0.1034,0.871027,0.722541,0.030657,0.8945,0.836899,0.671234,0.274796,0.1354,0.875931,0.659751,0.046242,0.9068,0.850868,0.615071,0.278018,0.2147,0.946331,0.749715,0.101837,0.8727,0.925363,0.71661,0.31978,0.1946
balasana_y107_0070,balasana,,Y107,train,unlabelled,,not stated by the host (web photographs); included for research and education,data/datasets/yoga107/balasana/070.jpg,True,491,210,True,0.9994,0.0489,29.058,32.758,168.075,169.695,30.258,17.328,24.447,26.288,107.024,104.272,29.058,32.758,168.075,169.695,104.272,107.024,24.447,26.288,22.062,24.891,24.447,29.058,168.075,24.891,97.83,-97.83,37.544,87.558,51.288,32.314,0.1362,0.2755,0.0739,0.0999,0.385469,0.656894,-0.015785,0.9977,0.357895,0.667498,-0.04088,0.9976,0.355165,0.664871,-0.04033,0.9975,0.351985,0.662862,-0.040689,0.9983,0.359407,0.663886,-0.008667,0.9969,0.353408,0.660162,-0.009862,0.9961,0.349777,0.656896,-0.009005,0.9975,0.332542,0.60851,-0.101237,0.9979,0.332675,0.613369,0.036239,0.9961,0.3863,0.619298,-0.038392,0.9966,0.38894,0.613631,0.003016,0.9978,0.397374,0.494908,-0.175687,1.0,0.396067,0.423236,0.124073,0.9998,0.581654,0.672415,-0.22359,0.9364,0.575981,0.493916,0.147717,0.0664,0.742141,0.741728,-0.155561,0.9593,0.721876,0.617014,0.132281,0.1025,0.793586,0.731817,-0.186094,0.939,0.760567,0.624252,0.142796,0.1012,0.800775,0.746159,-0.167017,0.9366,0.766631,0.639844,0.127889,0.0982,0.778969,0.74454,-0.150826,0.9015,0.751314,0.629272,0.12179,0.0976,0.711914,0.393288,-0.089898,0.9997,0.689956,0.329232,0.091127,0.9994,0.4785,0.738482,-0.099265,0.6628,0.475655,0.668188,0.170473,0.0489,0.737834,0.703989,0.049225,0.5872,0.729604,0.654512,0.236422,0.0535,0.746507,0.65793,0.065549,0.5343,0.740906,0.606297,0.235319,0.0961,0.828568,0.747745,0.143691,0.6406,0.816467,0.724249,0.269086,0.0834
balasana_y107_0071,balasana,,Y107,train,unlabelled,,not stated by the host (web photographs); included for research and education,data/datasets/yoga107/balasana/071.jpg,True,734,412,True,0.9978,0.0188,159.561,88.691,167.328,151.391,12.704,2.354,159.551,162.637,112.377,111.349,88.691,159.561,151.391,167.328,111.349,112.377,159.551,162.637,13.563,17.972,159.551,159.561,167.328,17.972,83.955,-83.955,52.276,42.379,4.049,24.855,-0.1053,0.1901,1.2069,0.0784,0.131217,0.501468,0.126231,0.8635,0.119637,0.505437,0.11052,0.8898,0.11773,0.502853,0.110752,0.886,0.115897,0.500427,0.111055,0.8771,0.121111,0.507044,0.133202,0.8774,0.120443,0.505714,0.132321,0.8812,0.119739,0.504073,0.13293,0.9219,0.10562,0.477587,0.054857,0.8649,0.110978,0.486741,0.144886,0.9378,0.133448,0.483588,0.107751,0.9297,0.126366,0.49541,0.134207,0.9248,0.138045,0.425063,-0.025991,0.9988,0.15323,0.400378,0.19216,0.9978,0.281599,0.503787,-0.038609,0.3214,0.296823,0.446128,0.230456,0.0207,0.374477,0.598478,0.017143,0.0456,0.370777,0.551865,0.155798,0.0188,0.400096,0.617288,0.014975,0.0635,0.39038,0.57353,0.162936,0.0319,0.392485,0.617888,0.016062,0.0617,0.380127,0.593658,0.138761,0.0325,0.382037,0.610436,0.019221,0.0676,0.372524,0.597184,0.143102,0.035,0.407317,0.462021,-0.082212,1.0,0.405211,0.461755,0.083139,0.9992,0.635488,0.650322,-0.106653,0.977,0.546687,0.580083,0.206021,0.1646,0.866228,0.682064,-0.13592,0.9632,0.587358,0.41611,0.370476,0.1158,0.882223,0.647195,-0.138122,0.9133,0.579237,0.36738,0.385655,0.2416,0.906707,0.710779,-0.178553,0.8763,0.6456,0.406881,0.409701,0.1828
