image_id,left_knee_angle,right_knee_angle,left_elbow_angle,right_elbow_angle,left_shoulder_angle,right_shoulder_angle,left_hip_angle,right_hip_angle,left_arm_raise,right_arm_raise,knee_bent,knee_straight,elbow_bent,elbow_straight,arm_raise_high,arm_raise_low,hip_angle_min,hip_angle_max,arm_torso_min,arm_torso_max,hip_angle_vis,knee_angle_vis,elbow_angle_vis,arm_torso_vis,spine_tilt,spine_tilt_signed,neck_dev,shoulder_level,hip_level,thigh_level,hip_rise,head_drop,stance_width,frontality
marjaryasana_y107_0001,91.545,90.622,178.067,176.094,78.826,78.491,104.359,101.488,177.241,177.616,90.622,91.545,176.094,178.067,177.241,177.616,101.488,104.359,79.71,80.401,101.488,90.622,176.094,80.401,77.493,77.493,23.275,85.001,27.601,88.69,-0.2166,-0.1808,0.1335,0.0289
marjaryasana_y107_0002,70.417,72.427,177.76,168.405,85.981,82.507,98.472,95.316,167.637,169.051,70.417,72.427,168.405,177.76,167.637,169.051,95.316,98.472,87.039,87.84,95.316,72.427,168.405,87.84,75.73,75.73,37.924,3.678,9.031,82.206,-0.2465,-0.3364,0.2888,0.3349
marjaryasana_y107_0003,95.031,161.169,168.2,172.38,29.107,32.131,74.836,133.021,179.903,175.94,95.031,161.169,168.2,172.38,175.94,179.903,74.836,133.021,34.497,35.899,133.021,161.169,172.38,35.899,33.247,33.247,39.51,47.464,58.214,11.181,-0.8363,-0.5475,0.2835,0.2636
marjaryasana_y107_0004,76.903,81.0,172.419,179.751,74.372,77.728,89.174,92.666,176.424,179.422,76.903,81.0,172.419,179.751,176.424,179.422,89.174,92.666,77.84,77.911,89.174,76.903,172.419,77.911,80.031,-80.031,6.493,38.702,47.084,80.661,-0.1731,0.1229,0.121,0.1049
marjaryasana_y107_0005,87.092,81.47,172.88,171.104,72.332,69.948,108.714,103.998,173.93,176.428,81.47,87.092,171.104,172.88,173.93,176.428,103.998,108.714,74.273,75.542,103.998,81.47,171.104,74.273,70.102,70.102,39.751,53.621,86.945,84.7,-0.3403,-0.3982,0.1335,0.0994
marjaryasana_y107_0006,84.989,90.005,172.488,178.564,68.744,60.757,118.362,123.81,175.514,176.458,84.989,90.005,172.488,178.564,175.514,176.458,118.362,123.81,61.447,65.228,118.362,84.989,172.488,65.228,67.514,-67.514,44.968,28.391,72.226,81.201,-0.3824,-0.3656,0.1258,0.2079
marjaryasana_y107_0008,96.747,94.868,132.698,129.351,45.194,40.306,114.446,115.625,158.727,159.159,94.868,96.747,129.351,132.698,158.727,159.159,114.446,115.625,64.509,65.951,115.625,94.868,129.351,64.509,86.258,86.258,16.261,39.921,81.351,68.33,-0.0653,-0.0623,0.1769,0.0983
marjaryasana_y107_0009,88.3,87.086,171.249,167.869,73.288,72.827,106.323,105.967,177.542,176.647,87.086,88.3,167.869,171.249,176.647,177.542,105.967,106.323,77.419,78.773,105.967,87.086,167.869,78.773,75.2,75.2,71.683,4.539,56.891,88.613,-0.2554,0.3088,0.1086,0.0924
marjaryasana_y107_0010,96.488,91.143,176.521,171.847,72.926,74.054,112.582,106.348,179.002,178.961,91.143,96.488,171.847,176.521,178.961,179.002,106.348,112.582,74.493,78.062,106.348,91.143,171.847,78.062,75.33,75.33,31.599,70.024,32.345,83.923,-0.2533,-0.2766,0.2068,0.0848
marjaryasana_y107_0011,97.679,93.924,168.447,172.202,78.592,81.738,105.208,102.332,175.052,175.999,93.924,97.679,168.447,172.202,175.052,175.999,102.332,105.208,84.204,85.306,102.332,93.924,172.202,85.306,80.32,80.32,20.677,45.006,63.591,85.537,-0.1681,0.2344,0.0614,0.0877
marjaryasana_y107_0012,91.422,90.844,168.94,171.775,82.315,85.673,109.67,105.803,168.157,168.887,90.844,91.422,168.94,171.775,168.157,168.887,105.803,109.67,87.743,89.806,105.803,90.844,171.775,89.806,77.351,77.351,38.925,6.895,40.651,84.43,-0.219,-0.3061,0.0906,0.0448
marjaryasana_y107_0013,79.91,77.194,177.783,171.665,80.194,77.729,101.629,99.4,171.543,173.159,77.194,79.91,171.665,177.783,171.543,173.159,99.4,101.629,81.15,81.598,99.4,77.194,171.665,81.598,73.781,73.781,64.741,17.423,83.38,84.156,-0.2793,-0.4194,0.0578,0.1165
marjaryasana_y107_0014,113.684,122.561,176.568,148.396,69.824,56.194,145.458,147.579,171.734,168.651,113.684,122.561,148.396,176.568,168.651,171.734,145.458,147.579,71.518,72.481,145.458,113.684,176.568,71.518,62.189,-62.189,8.703,78.132,79.591,61.288,-0.4666,-0.1583,0.0568,0.1896
marjaryasana_y107_0015,91.912,94.16,168.432,174.424,72.814,72.722,107.165,111.896,178.842,178.319,91.912,94.16,168.432,174.424,178.319,178.842,107.165,111.896,75.093,78.22,107.165,91.912,168.432,78.22,75.318,-75.318,31.141,52.759,37.505,84.692,-0.2535,-0.2829,0.2037,0.093
marjaryasana_y107_0016,82.896,84.65,170.585,173.794,72.88,72.692,99.011,101.106,179.011,178.256,82.896,84.65,170.585,173.794,178.256,179.011,99.011,101.106,75.686,77.57,99.011,82.896,170.585,77.57,75.291,-75.291,36.66,50.641,47.673,85.048,-0.2539,-0.3039,0.0819,0.0637
marjaryasana_y107_0017,86.973,84.929,143.212,173.409,95.013,74.701,111.952,105.309,133.12,176.938,84.929,86.973,143.212,173.409,133.12,176.938,105.309,111.952,78.014,114.908,105.309,84.929,173.409,78.014,71.584,71.584,26.418,66.304,0.931,89.739,-0.3159,-0.2186,0.0824,0.1074
marjaryasana_y107_0018,101.317,106.109,176.106,175.916,70.375,65.241,126.431,134.771,176.909,177.219,101.317,106.109,175.916,176.106,176.909,177.219,126.431,134.771,67.116,72.189,126.431,101.317,176.106,72.189,66.723,-66.723,29.09,86.701,27.398,70.893,-0.3952,-0.348,0.0234,0.053
marjaryasana_y107_0019,76.729,73.233,161.614,161.813,65.148,67.4,108.417,103.974,177.65,179.381,73.233,76.729,161.614,161.813,177.65,179.381,103.974,108.417,73.079,76.067,103.974,73.233,161.813,76.067,76.086,76.086,36.138,67.178,37.297,86.154,-0.2405,-0.3244,0.1725,0.0586
marjaryasana_y107_0020,76.715,96.472,155.813,159.945,64.447,63.278,119.741,130.004,173.209,173.166,76.715,96.472,155.813,159.945,173.166,173.209,119.741,130.004,72.538,75.739,119.741,76.715,155.813,75.739,67.382,-67.382,3.953,28.663,63.15,74.292,-0.3846,0.0245,0.03,0.1141
marjaryasana_y107_0021,114.016,106.722,177.664,179.512,70.818,70.612,131.418,125.962,175.805,174.542,106.722,114.016,177.664,179.512,174.542,175.805,125.962,131.418,69.756,70.841,125.962,106.722,179.512,70.841,75.152,75.152,36.026,58.188,89.959,64.631,-0.2562,-0.2646,0.078,0.1055
marjaryasana_y107_0022,82.062,76.648,179.151,175.914,82.655,80.673,107.531,102.932,171.357,173.016,76.648,82.062,175.914,179.151,171.357,173.016,102.932,107.531,82.678,83.061,102.932,76.648,175.914,82.678,75.077,75.077,32.91,25.644,73.06,88.052,-0.2575,-0.2989,0.0619,0.0894
marjaryasana_y107_0023,92.562,86.455,169.524,168.826,77.372,80.337,105.939,99.415,174.203,173.117,86.455,92.562,168.826,169.524,173.117,174.203,99.415,105.939,81.845,85.869,99.415,86.455,168.826,85.869,77.563,77.563,24.17,73.034,50.863,88.013,-0.2154,-0.1627,0.084,0.0952
marjaryasana_y107_0024,80.29,77.21,177.418,175.211,90.386,88.326,79.554,81.244,178.085,177.869,77.21,80.29,175.211,177.418,177.869,178.085,79.554,81.244,90.729,91.616,81.244,77.21,175.211,90.729,89.13,89.13,52.064,7.578,31.072,79.256,-0.0152,0.183,0.1206,0.0481
marjaryasana_y107_0025,79.38,82.719,167.43,169.17,72.357,70.622,110.625,111.905,173.015,172.451,79.38,82.719,167.43,169.17,172.451,173.015,110.625,111.905,75.405,78.176,110.625,79.38,167.43,78.176,69.605,-69.605,51.049,29.082,69.833,88.184,-0.3485,-0.4349,0.0793,0.1498
marjaryasana_y107_0026,86.206,83.372,166.954,166.54,103.485,99.226,91.108,90.185,160.645,162.315,83.372,86.206,166.54,166.954,160.645,162.315,90.185,91.108,105.975,110.093,90.185,83.372,166.54,105.975,89.455,89.455,89.01,64.431,21.506,88.154,-0.0095,0.2108,0.0371,0.0765
marjaryasana_y107_0027,108.97,118.954,174.3,178.672,54.806,52.293,147.047,160.089,178.194,176.572,108.97,118.954,174.3,178.672,176.572,178.194,147.047,160.089,52.928,57.574,147.047,108.97,174.3,57.574,52.69,-52.69,19.807,64.089,1.772,60.41,-0.6061,-0.3336,0.028,0.0749
marjaryasana_y107_0028,97.872,101.9,173.692,173.557,77.317,79.574,110.1,108.977,178.972,179.789,97.872,101.9,173.557,173.692,178.972,179.789,108.977,110.1,80.148,82.515,110.1,97.872,173.692,80.148,80.879,-80.879,2.569,79.037,64.833,78.296,-0.1585,0.1177,0.0579,0.1085
marjaryasana_y107_0029,93.571,88.037,175.618,172.957,78.112,78.74,109.704,103.105,169.068,170.638,88.037,93.571,172.957,175.618,169.068,170.638,103.105,109.704,79.916,82.171,103.105,88.037,172.957,82.171,70.954,70.954,40.08,56.92,87.728,85.914,-0.3263,-0.3937,0.114,0.1387
marjaryasana_y107_0030,100.869,97.852,168.064,166.623,75.947,79.608,114.564,112.551,173.151,170.572,97.852,100.869,166.623,168.064,170.572,173.151,112.551,114.564,81.145,85.879,112.551,97.852,166.623,85.879,75.417,75.417,39.18,44.163,75.351,80.998,-0.2518,-0.3631,0.119,0.1008
marjaryasana_y107_0031,91.35,95.686,175.099,178.989,75.468,76.538,105.718,110.217,178.669,177.738,91.35,95.686,175.099,178.989,177.738,178.669,105.718,110.217,77.011,77.887,105.718,91.35,175.099,77.887,75.662,-75.662,44.552,69.565,73.806,85.035,-0.2476,-0.3274,0.0864,0.0565
marjaryasana_y107_0032,96.546,91.773,168.703,167.229,76.919,79.151,108.577,104.407,174.514,173.123,91.773,96.546,167.229,168.703,173.123,174.514,104.407,108.577,82.444,85.146,104.407,91.773,167.229,85.146,77.63,77.63,35.76,33.355,38.998,84.464,-0.2142,0.2505,0.0663,0.0445
marjaryasana_y107_0033,98.492,97.292,175.848,179.434,75.764,75.446,118.243,118.648,175.929,177.591,97.292,98.492,175.848,179.434,175.929,177.591,118.243,118.648,75.196,77.78,118.243,98.492,175.848,77.78,73.257,-73.257,50.356,47.145,78.231,78.048,-0.2881,-0.43,0.206,0.0779
marjaryasana_y107_0034,91.942,89.289,179.933,175.171,97.521,95.824,87.725,86.342,173.683,173.036,89.289,91.942,175.171,179.933,173.036,173.683,86.342,87.725,97.488,98.298,86.342,89.289,175.171,98.298,91.254,91.254,45.689,36.283,16.784,87.676,0.0219,0.2266,0.0613,0.0134
marjaryasana_y107_0035,80.535,85.275,178.05,178.573,98.035,96.205,83.918,93.235,179.307,178.626,80.535,85.275,178.05,178.573,178.626,179.307,83.918,93.235,96.878,98.933,83.918,80.535,178.05,98.933,96.844,-96.844,45.903,36.71,34.589,81.261,0.1192,0.2565,0.3003,0.2426
marjaryasana_y107_0036,78.572,83.262,162.318,165.535,96.916,95.3,77.446,86.071,167.708,170.585,78.572,83.262,162.318,165.535,167.708,170.585,77.446,86.071,102.267,105.141,86.071,83.262,165.535,102.267,92.85,92.85,38.162,18.067,39.768,80.295,0.0497,0.2404,0.1142,0.1372
marjaryasana_y107_0037,118.97,102.511,171.012,171.911,58.307,62.504,142.768,130.294,168.417,173.973,102.511,118.97,171.012,171.911,168.417,173.973,130.294,142.768,63.068,66.524,130.294,102.511,171.911,66.524,56.299,56.299,35.652,28.166,80.571,75.747,-0.5549,-0.4201,0.1046,0.2193
marjaryasana_y107_0038,82.767,60.178,156.55,174.259,36.458,37.107,93.31,93.521,170.27,174.278,60.178,82.767,156.55,174.259,170.27,174.278,93.31,93.521,40.001,42.812,93.521,60.178,174.259,40.001,33.677,33.677,1.472,70.553,63.293,29.771,-0.8322,-0.3567,0.1964,0.1544
marjaryasana_y107_0039,88.082,85.889,175.24,178.091,70.88,72.596,113.475,113.649,174.982,174.912,85.889,88.082,175.24,178.091,174.912,174.982,113.475,113.649,73.093,73.527,113.649,85.889,178.091,73.527,68.261,68.261,60.699,71.588,79.63,87.912,-0.3704,-0.479,0.1001,0.0961
marjaryasana_y107_0040,82.414,85.108,174.306,177.481,77.409,77.659,108.299,111.506,174.053,173.965,82.414,85.108,174.306,177.481,173.965,174.053,108.299,111.506,78.794,80.026,108.299,82.414,174.306,80.026,73.435,-73.435,34.672,12.356,86.866,85.735,-0.2851,-0.3023,0.0726,0.0569
marjaryasana_y107_0041,98.024,96.205,168.368,164.194,94.156,89.827,102.644,103.448,168.066,169.61,96.205,98.024,164.194,168.368,168.066,169.61,102.644,103.448,97.66,99.294,103.448,96.205,164.194,97.66,87.314,87.314,51.166,39.652,72.312,79.283,-0.0469,0.2217,0.1245,0.0963
marjaryasana_y107_0042,93.115,88.154,173.934,179.569,72.566,78.039,112.966,108.925,173.241,172.703,88.154,93.115,173.934,179.569,172.703,173.241,108.925,112.966,75.507,77.829,108.925,88.154,179.569,77.829,69.648,69.648,33.331,70.136,88.217,88.286,-0.3478,-0.3077,0.0514,0.078
marjaryasana_y107_0043,77.888,77.343,173.869,172.334,71.885,72.477,93.326,89.625,177.392,176.237,77.343,77.888,172.334,173.869,176.237,177.392,89.625,93.326,74.833,76.075,89.625,77.343,172.334,76.075,78.702,78.702,14.733,53.134,66.517,79.463,-0.1959,0.1722,0.1428,0.1258
marjaryasana_y107_0044,95.873,97.918,171.718,175.389,80.666,81.159,110.327,112.31,175.3,175.894,95.873,97.918,171.718,175.389,175.3,175.894,110.327,112.31,83.193,84.434,110.327,95.873,171.718,84.434,79.42,-79.42,14.442,57.518,62.542,78.603,-0.1836,-0.0386,0.1501,0.0595
marjaryasana_y107_0045,96.695,90.686,175.817,178.427,74.066,75.722,123.82,117.873,174.058,175.784,90.686,96.695,175.817,178.427,174.058,175.784,117.873,123.82,74.974,76.054,117.873,90.686,178.427,74.974,70.425,70.425,38.189,11.415,1.383,76.068,-0.335,-0.3979,0.1214,0.1722
marjaryasana_y107_0046,99.729,109.795,176.469,179.391,83.678,84.968,120.722,125.828,170.301,166.155,99.729,109.795,176.469,179.391,166.155,170.301,120.722,125.828,81.978,84.685,120.722,99.729,176.469,81.978,71.586,-71.586,46.069,39.816,85.558,73.332,-0.3159,-0.3899,0.1213,0.0973
marjaryasana_y107_0047,168.266,166.881,164.298,162.971,30.941,26.985,132.364,133.848,175.455,179.461,166.881,168.266,162.971,164.298,175.455,179.461,132.364,133.848,34.911,37.574,133.848,166.881,162.971,34.911,33.726,33.726,11.127,43.122,69.584,9.334,-0.8317,-0.1884,0.2303,0.1695
marjaryasana_y107_0048,96.452,94.476,174.694,173.872,81.586,85.194,122.783,116.757,169.911,171.056,94.476,96.452,173.872,174.694,169.911,171.056,116.757,122.783,79.187,82.313,116.757,94.476,173.872,82.313,71.298,71.298,45.073,39.926,27.964,78.119,-0.3206,-0.454,0.0875,0.0349
marjaryasana_y107_0049,94.537,96.131,177.208,173.686,81.374,78.668,117.367,117.774,170.704,170.478,94.537,96.131,173.686,177.208,170.478,170.704,117.367,117.774,81.484,82.685,117.367,94.537,177.208,82.685,72.702,-72.702,49.289,25.622,74.333,79.244,-0.2973,-0.4086,0.1776,0.0761
marjaryasana_y107_0050,85.621,84.878,167.1,170.446,83.768,83.129,96.015,95.228,170.824,173.316,84.878,85.621,167.1,170.446,170.824,173.316,95.228,96.015,87.986,90.498,95.228,84.878,170.446,87.986,81.311,81.311,28.249,2.998,17.494,86.53,-0.1511,0.2596,0.1427,0.0749
marjaryasana_y107_0051,76.459,80.37,170.926,171.407,54.184,48.881,170.058,165.745,175.134,176.856,76.459,80.37,170.926,171.407,175.134,176.856,165.745,170.058,52.738,58.372,170.058,76.459,170.926,58.372,51.627,-51.627,9.695,16.937,66.786,26.15,-0.6208,-0.233,0.0404,0.1227
marjaryasana_y107_0052,132.937,150.451,170.816,167.729,51.82,35.845,172.87,179.362,174.892,177.578,132.937,150.451,167.729,170.816,174.892,177.578,172.87,179.362,41.361,56.429,172.87,132.937,170.816,56.429,47.701,-47.701,26.629,16.322,14.804,45.578,-0.673,-0.4279,0.2438,0.203
marjaryasana_y107_0053,85.816,90.606,171.246,173.688,70.002,74.229,107.735,110.234,179.664,176.825,85.816,90.606,171.246,173.688,176.825,179.664,107.735,110.234,74.013,76.92,107.735,85.816,171.246,74.013,74.057,-74.057,43.34,37.725,77.842,86.021,-0.2747,-0.4165,0.1097,0.1009
marjaryasana_y107_0054,71.515,73.412,177.471,176.161,76.044,73.98,97.033,96.247,176.214,179.423,71.515,73.412,176.161,177.471,176.214,179.423,96.247,97.033,75.739,77.164,96.247,73.412,176.161,75.739,74.327,74.327,45.236,18.25,66.689,80.412,-0.2701,-0.4138,0.0974,0.1633
marjaryasana_y107_0055,108.36,101.687,178.045,178.274,71.86,81.337,127.567,121.191,177.83,172.41,101.687,108.36,178.045,178.274,172.41,177.83,121.191,127.567,72.813,80.506,121.191,101.687,178.274,80.506,71.795,71.795,42.198,83.048,68.802,71.79,-0.3124,-0.4132,0.1256,0.0978
marjaryasana_y107_0056,82.84,74.571,164.521,171.486,80.375,84.845,97.215,92.182,174.378,175.631,74.571,82.84,164.521,171.486,174.378,175.631,92.182,97.215,87.098,88.941,92.182,74.571,171.486,88.941,83.104,83.104,9.285,49.282,78.831,86.754,-0.1201,0.0172,0.0998,0.1456
marjaryasana_y107_0058,93.506,94.296,178.532,173.72,72.559,67.226,115.326,115.315,176.451,173.619,93.506,94.296,173.72,178.532,173.619,176.451,115.315,115.326,70.595,71.816,115.326,93.506,178.532,71.816,66.305,-66.305,37.32,45.915,85.9,86.407,-0.4019,-0.4153,0.1054,0.1205
marjaryasana_y107_0059,84.021,86.235,176.578,179.942,70.449,73.063,113.33,113.4,174.754,175.053,84.021,86.235,176.578,179.942,174.754,175.053,113.33,113.4,72.011,73.091,113.4,86.235,179.942,73.091,67.464,67.464,51.29,67.778,81.502,88.457,-0.3833,-0.4523,0.0945,0.0707
marjaryasana_y107_0060,91.312,87.856,179.777,176.629,71.734,74.068,113.476,110.332,177.971,177.435,87.856,91.312,176.629,179.777,177.435,177.971,110.332,113.476,71.836,75.673,110.332,87.856,176.629,75.673,71.506,71.506,34.969,48.856,88.347,86.561,-0.3172,-0.3989,0.0632,0.117
marjaryasana_y107_0061,66.343,109.774,179.572,173.891,59.606,52.918,144.475,152.072,178.618,177.242,66.343,109.774,173.891,179.572,177.242,178.618,144.475,152.072,55.667,59.8,144.475,66.343,179.572,59.8,55.678,-55.678,17.823,48.046,81.867,65.019,-0.5638,-0.357,0.5981,0.0928
marjaryasana_y107_0062,92.441,90.315,164.911,168.602,93.297,94.282,92.116,91.047,168.413,169.108,90.315,92.441,164.911,168.602,168.413,169.108,91.047,92.116,99.315,100.322,91.047,90.315,168.602,99.315,88.574,88.574,55.786,23.122,70.109,89.149,-0.0249,0.2415,0.0817,0.0626
marjaryasana_y107_0063,91.944,94.242,179.783,179.572,71.538,66.019,123.666,130.139,179.505,178.358,91.944,94.242,179.572,179.783,178.358,179.505,123.666,130.139,65.815,71.645,123.666,91.944,179.783,71.645,69.825,-69.825,31.541,82.733,15.191,72.404,-0.3449,-0.3342,0.0668,0.058
marjaryasana_y107_0064,76.728,78.781,164.777,164.979,85.587,83.489,85.167,88.832,174.078,175.529,76.728,78.781,164.777,164.979,174.078,175.529,85.167,88.832,90.487,92.739,85.167,76.728,164.777,92.739,86.434,-86.434,70.333,68.447,18.935,81.984,-0.0622,0.2621,0.208,0.0475
marjaryasana_y107_0065,80.917,74.617,178.418,179.572,81.824,82.876,104.277,96.927,176.4,176.91,74.617,80.917,178.418,179.572,176.4,176.91,96.927,104.277,81.121,82.682,96.927,74.617,179.572,82.682,78.575,78.575,12.279,33.348,39.482,86.519,-0.1981,-0.0546,0.016,0.0336
marjaryasana_y107_0066,85.508,82.295,174.658,176.445,68.128,70.267,114.179,111.392,175.74,175.446,82.295,85.508,174.658,176.445,175.446,175.74,111.392,114.179,70.518,72.033,111.392,82.295,176.445,72.033,66.887,66.887,53.396,73.293,61.251,88.871,-0.3926,-0.4196,0.1009,0.0752
marjaryasana_y107_0067,82.984,90.293,160.765,170.862,83.855,80.993,88.845,94.05,177.723,177.418,82.984,90.293,160.765,170.862,177.418,177.723,88.845,94.05,85.228,93.169,88.845,82.984,160.765,93.169,89.39,-89.39,66.974,86.071,63.996,88.14,-0.0107,0.2227,0.0653,0.1824
marjaryasana_y107_0068,93.443,96.94,171.896,173.582,74.666,75.587,111.521,113.237,173.5,172.481,93.443,96.94,171.896,173.582,172.481,173.5,111.521,113.237,78.421,78.442,111.521,93.443,171.896,78.421,71.433,-71.433,33.771,40.813,72.567,85.84,-0.3184,-0.305,0.0862,0.0874
marjaryasana_y107_0069,86.583,89.371,179.464,174.547,83.406,86.506,97.247,99.26,178.601,177.242,86.583,89.371,174.547,179.464,177.242,178.601,97.247,99.26,83.675,83.799,97.247,86.583,179.464,83.675,81.684,-81.684,51.856,38.852,53.282,89.523,-0.1446,0.2052,0.094,0.0724
marjaryasana_y107_0070,70.816,76.952,164.612,162.867,114.263,111.985,79.767,82.82,144.148,145.228,70.816,76.952,162.867,164.612,144.148,145.228,79.767,82.82,120.093,121.158,82.82,76.952,162.867,120.093,85.314,85.314,55.563,47.532,59.672,75.073,-0.0817,-0.2182,0.2473,0.1173
marjaryasana_y107_0071,71.051,61.016,155.831,157.106,84.205,82.596,86.703,85.168,168.303,167.93,61.016,71.051,155.831,157.106,167.93,168.303,85.168,86.703,92.74,95.73,86.703,71.051,155.831,95.73,82.46,-82.46,1.301,49.542,41.971,75.838,-0.1312,0.1032,0.2836,0.1215
marjaryasana_y107_0072,96.831,91.38,173.156,175.246,73.981,75.872,119.085,112.842,172.131,174.051,91.38,96.831,173.156,175.246,172.131,174.051,112.842,119.085,76.968,78.104,112.842,91.38,175.246,78.104,70.644,70.644,45.073,75.875,43.833,81.816,-0.3314,-0.4599,0.0645,0.0666
marjaryasana_y107_0073,77.15,73.124,178.629,179.154,78.123,79.687,88.428,86.149,177.835,177.996,73.124,77.15,178.629,179.154,177.835,177.996,86.149,88.428,78.787,79.295,86.149,73.124,179.154,79.295,81.135,81.135,45.548,15.221,35.28,77.448,-0.1541,0.2568,0.0759,0.0657
marjaryasana_y107_0074,89.074,89.366,177.164,179.863,72.939,74.125,110.025,109.651,178.501,177.801,89.074,89.366,177.164,179.863,177.801,178.501,109.651,110.025,74.061,74.296,110.025,89.074,177.164,74.296,72.334,-72.334,45.64,48.333,60.931,87.177,-0.3035,-0.379,0.0958,0.0709
marjaryasana_y107_0075,80.461,77.38,172.89,171.849,87.688,88.766,97.727,93.624,164.742,164.999,77.38,80.461,171.849,172.89,164.742,164.999,93.624,97.727,90.838,92.837,93.624,77.38,171.849,92.837,76.758,76.758,39.864,33.761,56.156,81.46,-0.2291,-0.2866,0.1536,0.0893
marjaryasana_y107_0076,129.451,150.853,177.036,179.072,54.433,62.566,174.486,176.195,171.681,172.511,129.451,150.853,177.036,179.072,171.681,172.511,174.486,176.195,55.993,62.118,176.195,150.853,179.072,62.118,51.234,51.234,30.606,23.17,51.18,31.566,-0.6261,-0.5084,0.4822,0.1015
marjaryasana_y107_0077,82.508,79.709,169.684,178.392,63.814,71.178,101.204,94.227,174.938,172.315,79.709,82.508,169.684,178.392,172.315,174.938,94.227,101.204,68.468,70.483,94.227,79.709,178.392,70.483,75.933,75.933,37.728,63.806,58.665,82.395,-0.2431,-0.2929,0.1377,0.1292
marjaryasana_y107_0078,81.731,76.944,158.268,150.902,85.595,88.999,98.874,92.128,160.88,158.746,76.944,81.731,150.902,158.268,158.746,160.88,92.128,98.874,95.79,102.727,92.128,76.944,150.902,102.727,79.049,79.049,45.585,43.635,11.179,83.601,-0.19,-0.3423,0.1466,0.1561
marjaryasana_y107_0080,107.162,102.569,172.224,165.465,68.94,77.866,147.999,147.681,160.745,159.92,102.569,107.162,165.465,172.224,159.92,160.745,147.681,147.999,70.948,72.423,147.681,102.569,165.465,70.948,52.043,52.043,94.248,3.342,0.847,68.832,-0.6151,0.4546,0.0517,0.0933
marjaryasana_y107_0081,78.025,77.206,177.426,176.308,71.938,74.052,109.615,107.703,179.437,179.604,77.206,78.025,176.308,177.426,179.437,179.604,107.703,109.615,73.115,75.822,107.703,77.206,176.308,75.822,74.566,74.566,33.098,28.309,30.264,86.707,-0.2661,-0.316,0.0339,0.0729
marjaryasana_y107_0082,105.815,101.948,178.398,171.253,74.238,72.247,122.001,118.63,176.911,176.025,101.948,105.815,171.253,178.398,176.025,176.911,118.63,122.001,73.523,76.511,118.63,101.948,171.253,76.511,71.514,71.514,39.869,37.028,55.302,77.565,-0.3171,-0.3479,0.1074,0.136
marjaryasana_y107_0083,92.715,87.103,169.279,168.053,77.184,79.778,105.942,100.67,174.113,173.548,87.103,92.715,168.053,169.279,173.548,174.113,100.67,105.942,81.878,85.701,100.67,87.103,168.053,85.701,77.666,77.666,25.555,76.514,49.421,88.067,-0.2136,-0.1654,0.0752,0.098
marjaryasana_y107_0084,98.51,95.753,175.725,173.888,70.968,68.974,119.357,119.335,177.989,179.985,95.753,98.51,173.888,175.725,177.989,179.985,119.335,119.357,71.789,72.963,119.335,95.753,173.888,71.789,71.394,71.394,48.613,25.502,59.608,78.862,-0.3191,-0.4228,0.0501,0.1315
marjaryasana_y107_0085,61.76,66.302,168.996,168.875,32.242,28.133,101.653,91.166,175.645,175.191,61.76,66.302,168.875,168.996,175.191,175.645,91.166,101.653,33.372,37.623,91.166,66.302,168.996,37.623,30.839,-30.839,7.196,45.893,78.553,21.614,-0.8586,-0.3076,0.07,0.0323
marjaryasana_y107_0086,73.233,71.11,177.413,173.934,59.966,45.371,127.913,118.156,175.486,178.705,71.11,73.233,173.934,177.413,175.486,178.705,118.156,127.913,48.176,58.828,118.156,71.11,177.413,58.828,50.289,-50.289,52.412,36.226,58.081,16.401,-0.6389,-0.6529,0.1342,0.1478
marjaryasana_y107_0087,83.619,81.522,170.897,171.02,77.437,82.576,101.827,97.524,173.791,171.959,81.522,83.619,170.897,171.02,171.959,173.791,97.524,101.827,81.922,86.886,97.524,81.522,171.02,86.886,77.296,77.296,59.553,72.127,31.733,86.369,-0.2199,0.2292,0.0929,0.0911
marjaryasana_y107_0088,101.008,98.336,163.782,168.714,67.644,70.93,114.52,113.252,178.163,178.811,98.336,101.008,163.782,168.714,178.163,178.811,113.252,114.52,75.465,76.362,113.252,98.336,168.714,76.362,77.43,77.43,62.01,26.058,26.868,78.179,-0.2176,0.3144,0.0532,0.049
marjaryasana_y107_0089,94.812,103.346,177.619,116.827,94.26,57.653,93.234,93.066,176.464,179.916,94.812,103.346,116.827,177.619,176.464,179.916,93.066,93.234,94.999,95.473,93.234,94.812,177.619,95.473,97.133,-97.133,5.7,44.476,40.547,77.757,0.1242,0.1181,0.0661,0.1254
marjaryasana_y107_0090,87.262,82.327,171.005,169.812,87.41,91.846,89.309,84.183,172.978,169.153,82.327,87.262,169.812,171.005,169.153,172.978,84.183,89.309,91.416,96.928,84.183,82.327,169.812,96.928,85.214,85.214,81.555,23.123,14.59,80.264,-0.0834,0.2249,0.0957,0.1303
marjaryasana_y107_0091,84.098,80.145,176.987,173.842,78.744,77.762,95.618,94.644,175.962,175.793,80.145,84.098,173.842,176.987,175.793,175.962,94.644,95.618,80.221,80.603,94.644,80.145,173.842,80.603,76.292,76.292,68.839,39.812,15.806,81.041,-0.237,0.2778,0.0654,0.0157
marjaryasana_y107_0092,99.806,91.982,173.753,173.484,77.592,80.369,105.848,101.576,177.687,176.869,91.982,99.806,173.484,173.753,176.869,177.687,101.576,105.848,80.736,83.61,101.576,91.982,173.484,83.61,79.485,79.485,27.277,84.892,36.432,85.729,-0.1825,0.251,0.1484,0.0718
marjaryasana_y107_0093,90.459,83.956,174.314,174.151,113.623,107.065,88.899,87.903,155.149,158.213,83.956,90.459,174.151,174.314,155.149,158.213,87.903,88.899,109.95,116.539,87.903,83.956,174.151,109.95,89.825,89.825,66.238,78.935,12.368,86.066,-0.0031,0.2218,0.0405,0.0848
marjaryasana_y107_0094,85.104,95.902,175.376,179.822,83.881,82.468,104.937,103.409,176.23,176.417,85.104,95.902,175.376,179.822,176.23,176.417,103.409,104.937,81.673,82.382,104.937,85.104,175.376,81.673,85.696,-85.696,44.164,13.181,24.614,79.619,-0.0751,0.2171,0.0513,0.0232
marjaryasana_y107_0095,84.482,89.492,163.744,165.072,80.762,75.699,87.506,92.91,179.563,176.778,84.482,89.492,163.744,165.072,176.778,179.563,87.506,92.91,83.197,89.136,87.506,84.482,163.744,89.136,87.554,-87.554,57.593,35.384,7.302,86.205,-0.0427,0.3077,0.049,0.0826
marjaryasana_y107_0096,75.773,77.471,163.862,168.264,84.293,84.812,83.345,87.629,175.127,175.359,75.773,77.471,163.862,168.264,175.127,175.359,83.345,87.629,90.049,91.99,83.345,75.773,163.862,91.99,86.324,-86.324,61.706,40.234,10.995,80.463,-0.0641,0.2494,0.2098,0.0611
marjaryasana_y107_0097,87.942,90.37,162.151,161.953,79.679,80.607,90.71,91.026,179.66,179.821,87.942,90.37,161.953,162.151,179.66,179.821,90.71,91.026,88.698,89.648,90.71,87.942,162.151,88.698,88.903,-88.903,51.726,72.013,15.045,89.068,-0.0191,0.2095,0.0404,0.0294
marjaryasana_y107_0098,92.395,97.681,171.444,172.85,85.256,86.866,96.073,98.75,175.582,175.634,92.395,97.681,171.444,172.85,175.582,175.634,96.073,98.75,89.427,90.225,96.073,92.395,171.444,89.427,85.415,-85.415,60.768,47.541,11.852,85.392,-0.0799,0.2698,0.0751,0.0058
marjaryasana_y107_0099,91.371,90.56,175.114,174.156,80.854,82.391,107.561,108.959,173.785,171.017,90.56,91.371,174.156,175.114,171.017,173.785,107.561,108.959,83.158,85.01,107.561,91.371,175.114,83.158,76.5,-76.5,36.226,52.096,72.07,85.014,-0.2335,0.2507,0.333,0.1856
marjaryasana_y107_0100,75.594,74.582,173.768,172.52,92.021,90.096,84.482,84.3,166.476,167.368,74.582,75.594,172.52,173.768,166.476,167.368,84.3,84.482,93.616,94.841,84.3,74.582,172.52,93.616,81.142,81.142,65.837,27.101,51.168,75.284,-0.154,0.3151,0.1213,0.067
marjaryasana_y107_0101,146.303,145.214,170.392,170.871,116.225,115.382,102.469,98.602,171.872,175.608,145.214,146.303,170.392,170.871,171.872,175.608,98.602,102.469,119.923,120.945,98.602,145.214,170.871,119.923,114.082,114.082,47.258,17.988,26.348,54.715,0.408,0.3246,0.2497,0.3612
marjaryasana_y107_0102,59.416,95.382,163.031,149.338,108.622,90.086,35.567,89.237,160.306,169.703,59.416,95.382,149.338,163.031,160.306,169.703,35.567,89.237,104.582,116.881,35.567,59.416,163.031,116.881,95.772,-95.772,64.693,4.026,38.557,42.754,0.1006,0.2889,0.9628,0.1244
marjaryasana_y107_0103,131.805,128.138,176.023,177.977,107.524,103.973,79.238,90.451,172.655,173.687,128.138,131.805,176.023,177.977,172.655,173.687,79.238,90.451,104.957,109.569,90.451,131.805,177.977,104.957,100.276,100.276,43.7,40.794,60.441,80.905,0.1784,0.258,0.2758,0.1784
marjaryasana_y107_0104,76.728,78.781,164.777,164.979,85.587,83.489,85.167,88.832,174.078,175.529,76.728,78.781,164.777,164.979,174.078,175.529,85.167,88.832,90.487,92.739,85.167,76.728,164.777,92.739,86.434,-86.434,70.333,68.447,18.935,81.984,-0.0622,0.2621,0.208,0.0475
marjaryasana_y107_0105,93.268,100.442,172.149,171.978,88.025,88.062,96.112,98.755,174.596,176.031,93.268,100.442,171.978,172.149,174.596,176.031,96.112,98.755,91.811,91.968,96.112,93.268,172.149,91.811,87.17,-87.17,57.551,22.483,10.231,83.247,-0.0494,0.2533,0.088,0.0309
marjaryasana_y107_0106,76.869,72.322,176.052,168.341,82.415,84.95,93.927,88.614,171.042,167.358,72.322,76.869,168.341,176.052,167.358,171.042,88.614,93.927,84.319,90.767,88.614,72.322,168.341,90.767,76.738,76.738,80.985,41.934,13.102,76.739,-0.2294,0.2509,0.0785,0.1001
marjaryasana_y107_0107,81.662,81.797,162.933,163.99,69.893,75.63,104.269,97.503,175.0,175.074,81.662,81.797,162.933,163.99,175.0,175.074,97.503,104.269,77.689,83.166,97.503,81.797,163.99,83.166,75.539,75.539,17.045,62.893,79.261,85.743,-0.2497,0.1817,0.2797,0.2131
marjaryasana_y107_0108,83.344,83.924,174.705,174.95,93.468,92.271,95.051,96.154,169.161,169.408,83.344,83.924,174.705,174.95,169.161,169.408,95.051,96.154,94.805,96.003,95.051,83.344,174.705,96.003,84.708,-84.708,52.286,72.619,25.445,89.633,-0.0922,0.2493,0.1316,0.0441
marjaryasana_y107_0109,95.346,99.832,165.716,167.84,72.109,72.011,104.221,109.072,175.725,175.708,95.346,99.832,165.716,167.84,175.708,175.725,104.221,109.072,78.202,78.955,104.221,95.346,165.716,78.955,82.889,-82.889,65.747,52.424,17.959,78.434,-0.1238,0.1953,0.1325,0.0427
marjaryasana_y107_0110,78.572,83.262,162.318,165.535,96.916,95.3,77.446,86.071,167.708,170.585,78.572,83.262,162.318,165.535,167.708,170.585,77.446,86.071,102.267,105.141,86.071,83.262,165.535,102.267,92.85,92.85,38.162,18.067,39.768,80.295,0.0497,0.2404,0.1142,0.1372
marjaryasana_y107_0111,93.148,88.339,172.295,170.718,86.99,88.308,98.506,96.655,172.273,171.808,88.339,93.148,170.718,172.295,171.808,172.273,96.655,98.506,90.767,92.82,96.655,88.339,170.718,92.82,83.834,83.834,60.766,76.077,71.813,88.454,-0.1074,0.2499,0.0698,0.0901
marjaryasana_y107_0112,91.714,87.979,179.333,169.764,68.119,65.773,100.853,97.399,169.884,171.118,87.979,91.714,169.764,179.333,169.884,171.118,97.399,100.853,68.432,70.742,97.399,87.979,169.764,70.742,79.107,79.107,64.29,44.565,66.845,87.023,-0.189,0.2518,0.1456,0.0787
marjaryasana_y107_0113,91.515,91.278,169.658,171.543,83.232,85.656,100.646,98.246,172.533,173.154,91.278,91.515,169.658,171.543,172.533,173.154,98.246,100.646,88.214,89.686,98.246,91.278,171.543,89.686,81.83,81.83,54.911,61.908,9.749,88.607,-0.1421,0.2342,0.1614,0.0405
marjaryasana_y107_0114,97.955,92.086,179.187,174.716,84.0,85.304,106.68,102.207,175.432,174.695,92.086,97.955,174.716,179.187,174.695,175.432,102.207,106.68,84.377,87.79,102.207,92.086,174.716,87.79,81.184,81.184,68.096,79.43,12.685,83.511,-0.1533,0.2823,0.0625,0.0503
marjaryasana_y107_0115,70.049,89.077,174.277,179.711,84.578,81.32,95.796,103.787,171.26,179.59,70.049,89.077,174.277,179.711,171.26,179.59,95.796,103.787,81.46,87.629,103.787,89.077,179.711,81.46,80.35,80.35,75.8,8.743,1.274,84.343,-0.1676,0.2923,0.5461,0.3364
marjaryasana_y107_0116,92.441,90.315,164.911,168.602,93.297,94.282,92.116,91.047,168.413,169.108,90.315,92.441,164.911,168.602,168.413,169.108,91.047,92.116,99.315,100.322,91.047,90.315,168.602,99.315,88.574,88.574,55.786,23.122,70.109,89.149,-0.0249,0.2415,0.0817,0.0626
marjaryasana_y107_0117,88.3,87.086,171.249,167.869,73.288,72.827,106.323,105.967,177.542,176.647,87.086,88.3,167.869,171.249,176.647,177.542,105.967,106.323,77.419,78.773,105.967,87.086,167.869,78.773,75.2,75.2,71.683,4.539,56.891,88.613,-0.2554,0.3088,0.1086,0.0924
marjaryasana_y107_0118,83.666,82.269,173.169,172.746,79.389,83.193,101.589,98.96,173.158,171.724,82.269,83.666,172.746,173.169,171.724,173.158,98.96,101.589,82.769,86.607,98.96,82.269,172.746,86.607,77.154,77.154,53.809,83.638,28.791,87.291,-0.2223,0.2328,0.0912,0.0559
marjaryasana_y107_0119,90.801,84.209,164.361,162.164,80.479,73.488,94.874,98.349,176.857,179.961,84.209,90.801,162.164,164.361,176.857,179.961,94.874,98.349,81.308,88.112,94.874,90.801,164.361,88.112,83.258,-83.258,68.348,56.096,58.505,89.696,-0.1174,0.2515,0.3579,0.1383
marjaryasana_y107_0120,112.837,129.85,176.588,176.779,113.223,105.95,63.879,100.255,172.444,173.677,112.837,129.85,176.588,176.779,172.444,173.677,63.879,100.255,107.606,111.481,100.255,129.85,176.779,107.606,102.469,102.469,37.975,38.982,43.851,68.463,0.2159,0.251,0.8544,0.1463
marjaryasana_y107_0121,76.888,73.463,174.133,164.525,62.113,41.6,122.389,127.26,176.902,176.291,73.463,76.888,164.525,174.133,176.291,176.902,122.389,127.26,49.781,64.958,127.26,73.463,164.525,49.781,57.853,57.853,108.54,16.186,11.532,85.752,-0.5321,0.367,0.2204,0.5729
marjaryasana_y107_0122,174.544,74.58,179.802,149.121,92.605,141.08,153.169,106.949,170.727,100.441,74.58,174.544,149.121,179.802,100.441,170.727,106.949,153.169,92.514,157.444,106.949,74.58,149.121,157.444,80.519,80.519,12.233,80.202,80.108,20.072,-0.1647,0.1664,1.1097,0.0512
marjaryasana_y107_0123,97.906,93.281,171.834,174.216,81.416,84.174,105.208,100.821,174.587,175.589,93.281,97.906,171.834,174.216,174.587,175.589,100.821,105.208,85.507,86.933,100.821,93.281,174.216,86.933,81.348,81.348,18.0,64.352,39.267,84.698,-0.1504,0.2285,0.0454,0.0717
marjaryasana_y107_0124,76.189,76.832,174.908,175.925,85.198,85.349,83.795,84.114,177.846,177.576,76.189,76.832,174.908,175.925,177.576,177.846,83.795,84.114,87.305,87.633,84.114,76.832,175.925,87.305,85.163,85.163,56.765,1.21,38.472,78.995,-0.0843,0.2336,0.1885,0.09
marjaryasana_y107_0125,174.363,81.712,175.946,174.473,101.634,92.084,156.539,89.789,168.323,170.986,81.712,174.363,174.473,175.946,168.323,170.986,89.789,156.539,94.761,103.633,89.789,81.712,174.473,94.761,88.798,88.798,65.741,38.83,65.232,21.506,-0.021,0.2894,0.9072,0.1676
marjaryasana_y107_0126,88.138,80.41,165.445,167.044,101.002,77.023,109.311,100.728,148.367,177.777,80.41,88.138,165.445,167.044,148.367,177.777,100.728,109.311,83.058,108.521,100.728,80.41,167.044,83.058,80.772,80.772,79.922,16.982,4.411,83.8,-0.1604,0.389,0.315,0.4854
marjaryasana_y107_0127,88.656,83.127,175.294,168.131,100.028,94.184,87.858,84.097,170.244,167.328,83.127,88.656,168.131,175.294,167.328,170.244,84.097,87.858,97.836,100.21,84.097,83.127,168.131,100.21,87.813,87.813,80.942,1.966,7.486,81.635,-0.0382,0.1931,0.1335,0.1302
marjaryasana_y107_0128,162.725,166.412,163.053,175.971,43.454,59.089,174.904,177.006,177.874,179.774,162.725,166.412,163.053,175.971,177.874,179.774,174.904,177.006,51.999,61.067,174.904,166.412,175.971,61.067,57.427,57.427,17.801,46.169,87.322,30.779,-0.5384,-0.3163,0.0345,0.0559
marjaryasana_y107_0129,91.084,90.015,173.174,172.098,61.056,64.654,101.501,99.0,168.31,170.581,90.015,91.084,172.098,173.174,168.31,170.581,99.0,101.501,64.245,68.384,99.0,90.015,172.098,68.384,76.885,76.885,74.867,73.945,72.933,86.803,-0.2269,0.2783,0.1732,0.0857
marjaryasana_y107_0130,77.15,73.124,178.629,179.154,78.123,79.687,88.428,86.149,177.835,177.996,73.124,77.15,178.629,179.154,177.835,177.996,86.149,88.428,78.787,79.295,86.149,73.124,179.154,79.295,81.135,81.135,45.548,15.221,35.28,77.448,-0.1541,0.2568,0.0759,0.0657
marjaryasana_y107_0131,85.108,87.292,175.4,176.41,82.651,87.439,105.136,103.362,179.875,175.525,85.108,87.292,175.4,176.41,175.525,179.875,103.362,105.136,84.971,89.238,103.362,87.292,176.41,89.238,84.927,84.927,51.634,8.408,10.645,79.768,-0.0884,0.2063,0.3224,0.0734
marjaryasana_y107_0132,95.969,92.001,177.316,176.691,85.612,87.39,101.873,99.109,175.509,175.918,92.001,95.969,176.691,177.316,175.509,175.918,99.109,101.873,86.882,88.971,99.109,92.001,176.691,88.971,83.692,83.692,17.28,48.766,36.272,85.736,-0.1099,0.2288,0.0759,0.0797
marjaryasana_y107_0133,102.929,114.798,177.485,171.075,91.916,87.253,91.313,103.008,175.872,175.864,102.929,114.798,171.075,177.485,175.864,175.872,91.313,103.008,91.631,93.109,91.313,102.929,177.485,93.109,88.257,-88.257,68.498,20.569,49.026,79.497,-0.0304,0.1891,0.095,0.0252
marjaryasana_zen_0001,126.95,57.535,166.229,159.839,178.516,177.747,19.383,8.45,165.13,165.259,57.535,126.95,159.839,166.229,165.13,165.259,8.45,19.383,172.082,174.476,8.45,126.95,166.229,174.476,179.881,-179.881,34.777,2.075,10.134,75.791,1.0,0.3706,0.7155,1.7264
marjaryasana_zen_0002,41.004,67.84,160.517,179.109,84.73,88.964,90.201,82.86,175.749,173.23,41.004,67.84,160.517,179.109,173.23,175.749,82.86,90.201,88.479,94.289,90.201,41.004,160.517,94.289,85.018,-85.018,14.129,28.82,35.393,74.569,-0.0869,0.2981,0.2273,0.7735
marjaryasana_zen_0003,79.989,91.699,167.487,154.953,78.811,71.385,111.372,107.79,172.494,171.263,79.989,91.699,154.953,167.487,171.263,172.494,107.79,111.372,83.249,84.776,111.372,79.989,167.487,84.776,75.945,-75.945,23.111,57.929,73.677,81.358,-0.2428,0.1721,0.2002,0.2839
marjaryasana_zen_0004,157.148,151.808,174.281,168.791,31.726,25.39,149.085,153.651,173.61,143.233,151.808,157.148,168.791,174.281,143.233,173.61,149.085,153.651,29.038,30.942,149.085,157.148,174.281,29.038,14.242,-14.242,29.643,13.879,13.834,57.826,-0.9693,-0.0995,0.9551,0.9957
marjaryasana_zen_0005,145.782,99.369,176.757,112.65,88.363,79.868,134.658,94.357,153.96,179.539,99.369,145.782,112.65,176.757,153.96,179.539,94.357,134.658,64.359,86.991,94.357,99.369,112.65,64.359,62.548,62.548,6.724,25.347,36.355,68.255,-0.461,-0.0279,1.0303,0.6705
marjaryasana_zen_0006,106.552,93.383,156.176,161.174,64.482,76.882,115.449,109.765,177.557,173.325,93.383,106.552,156.176,161.174,173.325,177.557,109.765,115.449,74.489,85.482,109.765,93.383,161.174,85.482,75.602,75.602,17.494,55.604,66.882,81.429,-0.2487,0.1038,0.3103,0.4367
marjaryasana_zen_0007,56.665,40.724,167.133,151.973,84.132,91.456,79.081,75.866,178.005,179.607,40.724,56.665,151.973,167.133,178.005,179.607,75.866,79.081,90.903,103.908,75.866,40.724,151.973,103.908,95.696,95.696,7.576,30.541,11.24,77.989,0.0992,0.2803,0.1883,0.6124
marjaryasana_zen_0008,117.599,173.923,174.944,154.405,151.969,164.811,24.614,7.362,174.521,165.837,117.599,173.923,154.405,174.944,165.837,174.521,7.362,24.614,149.343,178.501,7.362,173.923,174.944,149.343,167.308,167.308,24.737,6.074,5.217,78.478,0.9756,0.5303,0.9309,1.9979
marjaryasana_zen_0009,60.313,68.187,165.624,178.604,131.715,123.082,16.159,39.624,170.912,165.294,60.313,68.187,165.624,178.604,165.294,170.912,16.159,39.624,122.37,139.397,16.159,60.313,165.624,139.397,120.346,-120.346,1.894,9.593,12.506,57.288,0.5052,0.4494,0.4122,1.7728
marjaryasana_zen_0010,40.174,64.026,166.616,173.394,88.381,89.71,99.898,91.266,173.069,164.194,40.174,64.026,166.616,173.394,164.194,173.069,91.266,99.898,93.121,95.075,99.898,40.174,166.616,95.075,82.542,-82.542,11.478,47.544,28.872,78.58,-0.1298,0.1998,0.2618,0.4711
marjaryasana_zen_0011,79.317,75.535,162.712,148.596,80.345,66.15,105.805,95.974,168.835,169.085,75.535,79.317,148.596,162.712,168.835,169.085,95.974,105.805,81.621,89.12,105.805,79.317,162.712,89.12,74.504,-74.504,14.476,60.293,72.247,76.68,-0.2672,0.088,0.4138,0.4368
marjaryasana_zen_0012,93.954,109.814,168.777,135.795,72.542,21.414,112.467,123.144,166.321,166.099,93.954,109.814,135.795,168.777,166.099,166.321,112.467,123.144,41.84,77.633,112.467,93.954,168.777,77.633,60.294,-60.294,12.558,23.997,37.987,86.421,-0.4955,0.0204,0.5234,0.6141
marjaryasana_zen_0013,121.771,159.891,144.661,138.009,43.7,2.266,126.766,159.703,177.882,179.023,121.771,159.891,138.009,144.661,177.882,179.023,126.766,159.703,20.929,31.753,126.766,121.771,144.661,31.753,26.071,-26.071,13.996,0.058,5.833,66.401,-0.8982,-0.1129,1.1932,0.996
marjaryasana_zen_0014,161.665,125.324,144.947,103.164,4.958,37.639,178.826,136.621,178.168,173.65,125.324,161.665,103.164,144.947,173.65,178.168,136.621,178.826,19.927,28.276,136.621,125.324,103.164,28.276,28.667,28.667,35.283,12.318,18.726,69.415,-0.8774,-0.0341,1.1214,0.9655
marjaryasana_zen_0015,112.205,91.168,167.409,28.029,32.329,99.011,127.792,105.741,157.536,159.753,91.168,112.205,28.029,167.409,157.536,159.753,105.741,127.792,37.068,89.251,105.741,91.168,28.029,89.251,64.569,64.569,21.482,38.372,44.837,82.676,-0.4294,0.0316,0.5564,0.5723
marjaryasana_zen_0016,107.988,86.663,149.551,168.692,58.804,81.608,125.634,109.239,176.116,170.892,86.663,107.988,149.551,168.692,170.892,176.116,109.239,125.634,72.649,87.057,109.239,86.663,168.692,87.057,73.509,73.509,9.65,56.642,59.616,75.601,-0.2839,0.0408,0.4075,0.5009
marjaryasana_zen_0017,67.314,52.334,159.608,149.26,79.318,87.629,74.943,89.737,178.486,175.799,52.334,67.314,149.26,159.608,175.799,178.486,74.943,89.737,90.286,102.174,89.737,52.334,149.26,102.174,93.291,93.291,12.379,72.874,72.256,73.715,0.0574,0.1579,0.3006,0.5146
marjaryasana_zen_0018,124.448,116.41,173.57,164.002,156.398,175.246,27.382,7.071,173.225,169.701,116.41,124.448,164.002,173.57,169.701,173.225,7.071,27.382,153.112,176.473,27.382,124.448,164.002,176.473,167.956,167.956,13.548,3.598,8.766,83.245,0.978,0.5842,0.4301,1.6756
marjaryasana_zen_0019,43.48,64.516,156.46,179.727,131.467,126.31,28.238,39.392,178.587,173.592,43.48,64.516,156.46,179.727,173.592,178.587,28.238,39.392,126.438,142.042,28.238,43.48,156.46,142.042,131.026,-131.026,4.432,31.668,31.308,69.423,0.6564,0.3457,0.38,0.8734
marjaryasana_zen_0020,72.508,74.405,150.135,115.715,85.844,34.996,92.136,97.633,173.965,175.897,72.508,74.405,115.715,150.135,173.965,175.897,92.136,97.633,73.391,99.784,92.136,72.508,150.135,99.784,85.816,-85.816,12.791,83.201,89.43,84.115,-0.073,0.1546,0.3873,0.561
marjaryasana_zen_0021,115.183,169.87,87.474,136.217,44.928,24.85,121.57,168.866,167.315,169.819,115.183,169.87,87.474,136.217,167.315,169.819,121.57,168.866,26.668,36.471,121.57,115.183,87.474,26.668,33.112,-33.112,0.428,19.439,23.238,70.924,-0.8376,-0.1529,0.6807,0.7406
marjaryasana_zen_0022,173.785,121.487,177.203,63.204,21.282,38.561,179.81,132.873,173.921,170.516,121.487,173.785,63.204,177.203,170.516,173.921,132.873,179.81,22.241,36.196,132.873,121.487,63.204,36.196,21.329,21.329,3.205,16.432,10.309,69.586,-0.9315,-0.1855,0.697,0.7117
marjaryasana_zen_0023,117.605,81.705,160.552,140.981,101.178,72.013,128.632,101.669,142.892,178.461,81.705,117.605,140.981,160.552,142.892,178.461,101.669,128.632,87.264,113.999,101.669,81.705,140.981,87.264,82.942,82.942,16.852,80.3,84.172,64.478,-0.1229,0.1405,0.3704,0.5476
marjaryasana_zen_0024,54.085,21.945,158.641,140.661,111.771,119.248,27.179,30.216,171.897,178.53,21.945,54.085,140.661,158.641,171.897,178.53,27.179,30.216,125.528,138.103,30.216,21.945,140.661,138.103,126.477,126.477,9.938,39.195,43.529,54.604,0.5945,0.3328,0.3236,0.7511
marjaryasana_zen_0025,30.261,62.106,171.309,179.899,7.015,59.166,170.981,120.824,172.021,168.532,30.261,62.106,171.309,179.899,168.532,172.021,120.824,170.981,10.722,59.217,170.981,30.261,171.309,10.722,35.411,-35.411,1.965,2.396,1.257,78.573,-0.815,-0.284,0.6979,1.2257
marjaryasana_zen_0026,57.508,60.287,160.63,175.057,77.052,86.54,104.047,80.317,177.205,168.792,57.508,60.287,160.63,175.057,168.792,177.205,80.317,104.047,86.211,89.327,104.047,57.508,160.63,86.211,80.663,-80.663,29.212,43.725,36.964,68.436,-0.1622,-0.1603,0.1712,0.3843
marjaryasana_zen_0027,72.073,84.106,165.33,150.678,76.56,67.34,111.384,105.914,176.545,176.01,72.073,84.106,150.678,165.33,176.01,176.545,105.914,111.384,79.967,83.3,111.384,72.073,165.33,83.3,77.981,-77.981,20.303,79.875,73.426,78.771,-0.2082,-0.1067,0.2553,0.2125
marjaryasana_zen_0028,88.659,92.396,169.464,143.162,79.525,61.782,116.899,117.525,170.005,176.359,88.659,92.396,143.162,169.464,170.005,176.359,116.899,117.525,77.412,84.376,116.899,88.659,169.464,84.376,74.1,-74.1,21.593,25.289,54.783,78.704,-0.274,-0.1544,0.22,0.2907
marjaryasana_zen_0029,94.062,140.372,169.358,171.332,64.252,63.956,105.177,144.067,174.085,163.411,94.062,140.372,169.358,171.332,163.411,174.085,105.177,144.067,68.029,68.246,105.177,94.062,169.358,68.246,57.069,-57.069,84.051,28.914,25.841,74.494,-0.5436,-0.0869,0.7782,0.759
marjaryasana_zen_0030,179.409,177.367,157.513,138.611,30.207,24.712,25.902,25.925,19.587,2.189,177.367,179.409,138.611,157.513,2.189,19.587,25.902,25.925,7.669,20.05,25.902,179.409,157.513,20.05,177.351,177.351,10.115,0.295,12.797,63.635,0.9989,0.161,0.5059,0.4906
marjaryasana_zen_0031,127.198,94.992,146.836,165.909,49.169,71.082,137.198,115.304,176.665,171.891,94.992,127.198,146.836,165.909,171.891,176.665,115.304,137.198,63.092,77.336,115.304,94.992,165.909,77.336,67.92,67.92,16.382,34.593,54.595,66.375,-0.3759,-0.0995,0.305,0.3464
marjaryasana_zen_0032,92.741,87.107,164.623,160.576,74.671,77.846,109.975,110.132,168.698,165.335,87.107,92.741,160.576,164.623,165.335,168.698,109.975,110.132,80.632,87.01,110.132,87.107,160.576,87.01,70.904,70.904,15.961,48.586,70.951,87.523,-0.3272,-0.1158,0.2823,0.2319
marjaryasana_zen_0033,66.657,60.84,168.938,162.013,80.572,85.146,88.906,98.031,172.986,171.392,60.84,66.657,162.013,168.938,171.392,172.986,88.906,98.031,86.483,94.586,98.031,60.84,162.013,94.586,82.626,82.626,25.492,52.334,43.544,78.376,-0.1283,-0.1236,0.2004,0.3676
marjaryasana_zen_0034,37.849,38.103,176.553,159.202,68.36,24.347,104.423,136.257,172.659,172.903,37.849,38.103,159.202,176.553,172.659,172.903,104.423,136.257,33.603,66.678,136.257,38.103,159.202,33.603,52.956,52.956,9.599,5.978,0.265,73.76,-0.6024,-0.0802,0.8606,1.4112
marjaryasana_zen_0035,27.704,46.184,166.273,177.917,86.351,99.354,99.105,67.982,179.79,165.59,27.704,46.184,166.273,177.917,165.59,179.79,67.982,99.105,93.513,98.266,99.105,27.704,166.273,93.513,87.844,-87.844,36.75,26.382,24.059,61.838,-0.0376,-0.0569,0.5945,0.8083
marjaryasana_zen_0036,61.032,67.35,163.562,155.911,83.974,75.881,104.401,93.839,170.368,170.974,61.032,67.35,155.911,163.562,170.368,170.974,93.839,104.401,86.327,91.845,104.401,61.032,163.562,91.845,79.865,-79.865,21.383,87.245,67.29,81.141,-0.176,-0.094,0.2542,0.2804
marjaryasana_zen_0037,89.433,114.299,169.262,139.35,68.566,47.967,112.266,131.025,171.657,166.993,89.433,114.299,139.35,169.262,166.993,171.657,112.266,131.025,69.662,73.136,112.266,89.433,169.262,73.136,61.132,-61.132,29.214,32.971,54.003,82.32,-0.4828,-0.1579,0.4188,0.5082
marjaryasana_zen_0038,176.707,140.233,166.038,99.311,34.273,5.407,171.185,148.549,162.449,123.512,140.233,176.707,99.311,166.038,123.512,162.449,148.549,171.185,30.129,35.424,148.549,140.233,99.311,35.424,17.175,17.175,3.53,0.467,7.716,68.607,-0.9554,-0.3454,1.2741,0.9916
marjaryasana_zen_0039,74.32,72.974,155.825,146.34,71.246,71.881,109.211,112.942,173.045,175.016,72.974,74.32,146.34,155.825,173.045,175.016,109.211,112.942,83.711,88.551,112.942,72.974,146.34,88.551,80.345,80.345,20.767,74.578,85.108,73.491,-0.1677,-0.0906,0.3221,0.3876
marjaryasana_zen_0040,3.999,7.669,179.816,166.924,72.122,85.204,97.159,109.835,170.417,171.831,3.999,7.669,166.924,179.816,170.417,171.831,97.159,109.835,72.033,78.84,97.159,3.999,179.816,72.033,9.539,9.539,6.348,3.652,0.282,69.608,-0.9862,0.653,4.2834,8.5657
marjaryasana_zen_0041,20.496,48.864,168.656,171.932,122.06,116.4,44.999,53.99,174.672,174.612,20.496,48.864,168.656,171.932,174.612,174.672,44.999,53.99,120.179,127.764,44.999,20.496,168.656,127.764,122.414,-122.414,27.159,18.134,24.755,78.781,0.536,0.2468,0.4035,1.0021
marjaryasana_zen_0042,71.798,86.837,154.962,112.202,70.821,29.429,95.73,97.79,170.985,166.794,71.798,86.837,112.202,154.962,166.794,170.985,95.73,97.79,67.178,81.621,95.73,71.798,154.962,81.621,85.751,-85.751,9.73,78.97,89.634,83.634,-0.0741,-0.0418,0.3875,0.5495
marjaryasana_zen_0043,119.243,170.989,93.587,142.231,41.963,17.088,133.236,176.2,176.171,177.579,119.243,170.989,93.587,142.231,176.171,177.579,133.236,176.2,29.551,40.206,133.236,119.243,93.587,40.206,38.462,-38.462,15.478,22.908,34.974,61.828,-0.783,-0.2969,0.5682,0.6707
marjaryasana_zen_0044,171.94,129.994,64.4,32.431,17.301,34.277,166.686,141.653,130.769,148.338,129.994,171.94,32.431,64.4,130.769,148.338,141.653,166.686,7.823,73.453,141.653,129.994,32.431,7.823,31.987,31.987,9.438,27.627,29.44,52.464,-0.8482,-0.3394,0.5435,0.7425
marjaryasana_zen_0045,135.262,93.21,115.798,128.643,44.636,64.652,149.595,111.707,166.819,178.722,93.21,135.262,115.798,128.643,166.819,178.722,111.707,149.595,80.507,80.848,111.707,93.21,128.643,80.848,74.893,74.893,10.905,71.118,75.926,53.079,-0.2606,-0.1057,0.4044,0.5978
marjaryasana_zen_0046,50.447,11.409,171.033,129.352,150.439,129.337,18.895,9.08,171.716,174.297,11.409,50.447,129.352,171.033,171.716,174.297,9.08,18.895,143.829,158.185,9.08,11.409,129.352,158.185,148.604,148.604,11.28,15.671,18.019,64.441,0.8536,0.525,0.4274,1.0518
marjaryasana_zen_0047,50.139,118.94,165.003,177.877,23.211,75.112,132.909,112.026,170.435,169.731,50.139,118.94,165.003,177.877,169.731,170.435,112.026,132.909,29.688,76.2,132.909,50.139,165.003,29.688,56.955,-56.955,7.122,0.07,0.942,82.161,-0.5453,0.0131,0.5459,1.5481
marjaryasana_zen_0048,19.4,71.612,156.404,177.152,63.556,96.381,76.545,36.342,169.794,165.666,19.4,71.612,156.404,177.152,165.666,169.794,36.342,76.545,74.735,94.896,76.545,19.4,156.404,74.735,81.959,-81.959,26.336,14.923,16.359,26.904,-0.1399,0.0664,0.4924,1.5595
marjaryasana_zen_0049,131.59,131.938,169.622,165.508,160.824,176.27,27.708,7.061,168.857,168.9,131.59,131.938,165.508,169.622,168.857,168.9,7.061,27.708,155.813,176.599,27.708,131.59,169.622,155.813,168.187,168.187,22.723,6.281,8.379,82.378,0.9788,0.622,0.7213,1.9673
marjaryasana_zen_0050,23.042,14.742,161.665,178.085,173.779,156.75,3.39,18.111,174.658,168.726,14.742,23.042,161.665,178.085,168.726,174.658,3.39,18.111,157.667,177.37,3.39,23.042,161.665,177.37,165.607,-165.607,4.855,2.439,2.821,74.504,0.9686,0.6088,1.2155,1.6263
marjaryasana_zen_0051,53.384,73.385,157.827,172.652,116.09,110.981,51.383,62.8,178.512,174.012,53.384,73.385,157.827,172.652,174.012,178.512,51.383,62.8,114.38,127.879,51.383,53.384,157.827,127.879,116.083,-116.083,29.999,19.513,18.943,81.191,0.4397,0.4777,0.3445,1.0074
marjaryasana_zen_0052,80.305,80.879,179.075,165.71,106.535,81.842,97.304,91.111,169.282,177.563,80.305,80.879,165.71,179.075,169.282,177.563,91.111,97.304,88.837,106.977,97.304,80.305,179.075,106.977,93.664,-93.664,39.744,59.519,67.416,76.437,0.0639,0.2785,0.4364,0.3633
marjaryasana_zen_0053,92.188,77.438,163.467,104.891,79.054,37.55,105.532,96.01,175.405,175.673,77.438,92.188,104.891,163.467,175.405,175.673,96.01,105.532,73.876,86.436,105.532,92.188,163.467,86.436,80.147,-80.147,51.109,42.935,57.338,82.628,-0.1711,0.2316,0.3843,0.4123
marjaryasana_zen_0054,105.496,146.685,173.195,172.022,57.566,16.534,115.705,167.585,179.437,172.176,105.496,146.685,172.022,173.195,172.176,179.437,115.705,167.585,20.341,54.857,115.705,105.496,173.195,54.857,42.327,-42.327,72.41,22.63,23.473,74.249,-0.7393,0.1672,0.8124,1.067
marjaryasana_zen_0055,166.987,164.693,173.832,174.245,2.894,14.549,146.662,149.816,161.602,178.849,164.693,166.987,173.832,174.245,161.602,178.849,146.662,149.816,0.141,12.46,146.662,166.987,174.245,12.46,5.637,-5.637,172.629,2.327,5.956,71.125,-0.9952,0.2298,2.9733,1.9877
marjaryasana_zen_0056,134.631,94.865,171.078,171.152,15.553,52.731,150.9,108.441,163.432,176.862,94.865,134.631,171.078,171.152,163.432,176.862,108.441,150.9,19.855,48.478,108.441,94.865,171.152,48.478,41.137,41.137,4.341,15.294,19.229,63.782,-0.7531,0.0006,1.0091,0.7059
marjaryasana_zen_0057,115.019,96.466,170.672,173.17,59.026,69.287,129.194,113.834,178.732,175.668,96.466,115.019,170.672,173.17,175.668,178.732,113.834,129.194,63.824,72.771,113.834,96.466,173.17,72.771,66.876,66.876,99.909,29.593,42.213,75.714,-0.3927,0.2116,0.5253,0.4388
marjaryasana_zen_0058,86.506,79.239,163.689,149.269,71.857,77.304,97.284,103.48,176.706,179.777,79.239,86.506,149.269,163.689,176.706,179.777,97.284,103.48,79.567,90.652,103.48,79.239,149.269,90.652,86.754,86.754,45.161,86.28,87.109,75.645,-0.0566,0.1745,0.367,0.4841
marjaryasana_zen_0059,45.249,33.672,168.505,154.943,97.473,99.39,71.994,61.84,174.177,179.613,33.672,45.249,154.943,168.505,174.177,179.613,61.84,71.994,102.92,110.809,61.84,33.672,154.943,110.809,102.664,102.664,48.79,21.938,22.191,79.091,0.2192,0.3795,0.1962,0.6983
marjaryasana_zen_0060,61.125,21.428,176.502,179.079,162.793,164.023,9.46,11.427,178.105,171.832,21.428,61.125,176.502,179.079,171.832,178.105,9.46,11.427,161.11,164.435,11.427,21.428,179.079,164.435,178.763,-178.763,0.009,3.386,3.818,77.693,0.9998,0.6714,0.9547,1.7574
marjaryasana_zen_0061,29.807,53.752,153.938,171.782,126.695,124.983,36.993,45.755,172.84,173.527,29.807,53.752,153.938,171.782,172.84,173.527,36.993,45.755,129.175,138.986,36.993,29.807,153.938,138.986,133.02,-133.02,28.118,17.028,17.924,78.458,0.6823,0.5365,0.4455,1.0701
marjaryasana_zen_0062,61.656,65.832,167.596,171.918,91.462,79.394,83.796,68.82,179.638,175.529,61.656,65.832,167.596,171.918,175.529,179.638,68.82,83.796,83.416,97.366,83.796,61.656,167.596,97.366,92.646,-92.646,38.692,63.22,61.428,66.707,0.0462,0.2078,0.4203,0.5048
marjaryasana_zen_0063,105.849,124.908,179.674,126.904,69.925,24.189,116.526,133.141,175.712,172.358,105.849,124.908,126.904,179.674,172.358,175.712,116.526,133.141,49.714,69.791,116.526,105.849,179.674,69.791,61.707,-61.707,67.182,27.834,33.057,79.502,-0.474,0.2385,0.5585,0.5692
marjaryasana_zen_0064,176.091,153.762,148.048,103.202,150.229,102.722,140.284,51.24,58.11,123.338,153.762,176.091,103.202,148.048,58.11,123.338,51.24,140.284,84.235,158.649,51.24,153.762,103.202,84.235,140.08,140.08,147.039,29.093,16.37,77.864,0.7669,-0.023,6.1911,8.8376
marjaryasana_zen_0065,158.033,113.557,173.592,176.983,10.63,34.883,173.209,134.888,174.986,178.083,113.557,158.033,173.592,176.983,174.986,178.083,134.888,173.209,13.158,35.844,134.888,113.557,176.983,35.844,26.681,26.681,9.831,13.162,23.68,65.037,-0.8935,-0.2288,0.7664,0.8099
marjaryasana_zen_0066,109.485,90.02,162.45,153.586,61.354,74.205,122.321,110.412,174.202,179.626,90.02,109.485,153.586,162.45,174.202,179.626,110.412,122.321,69.471,85.227,110.412,90.02,153.586,85.227,80.065,80.065,53.361,73.975,71.167,72.409,-0.1725,0.2287,0.4299,0.4987
marjaryasana_zen_0067,53.648,12.802,173.788,157.303,129.183,138.604,65.488,33.966,174.634,175.234,12.802,53.648,157.303,173.788,174.634,175.234,33.966,65.488,125.785,149.133,33.966,12.802,157.303,149.133,134.138,134.138,19.794,10.592,8.188,82.135,0.6964,0.5902,0.2959,1.2712
marjaryasana_zen_0068,36.438,5.822,137.325,119.661,151.128,140.687,20.797,0.751,170.857,166.88,5.822,36.438,119.661,137.325,166.88,170.857,0.751,20.797,177.826,179.256,20.797,5.822,119.661,177.826,176.478,-176.478,3.63,4.532,6.44,60.805,0.9981,0.4386,0.6625,1.03
marjaryasana_zen_0069,177.058,165.063,105.374,138.056,6.285,21.559,13.796,13.173,95.753,89.319,165.063,177.058,105.374,138.056,89.319,95.753,13.173,13.796,24.812,32.366,13.173,165.063,138.056,32.366,115.753,115.753,30.886,52.614,57.573,32.855,0.4345,0.3027,0.5778,0.6664
marjaryasana_zen_0070,176.481,155.151,164.528,159.379,177.827,173.9,5.91,7.61,169.889,169.945,155.151,176.481,159.379,164.528,169.889,169.945,5.91,7.61,170.301,175.229,7.61,155.151,164.528,170.301,167.179,167.179,17.84,8.023,12.724,76.101,0.9751,0.3863,0.7482,0.9257
marjaryasana_zen_0071,178.948,126.129,110.231,81.679,15.522,47.78,172.936,131.943,177.575,178.463,126.129,178.948,81.679,110.231,177.575,178.463,131.943,172.936,17.621,35.882,131.943,126.129,81.679,35.882,27.734,27.734,9.741,12.224,21.787,62.889,-0.8851,-0.1323,0.7999,0.7553
marjaryasana_zen_0072,106.742,81.903,122.336,136.447,41.58,82.018,102.305,92.837,162.174,178.85,81.903,106.742,122.336,136.447,162.174,178.85,92.837,102.305,69.637,99.335,92.837,81.903,136.447,99.335,92.665,92.665,33.548,85.77,85.376,78.978,0.0465,0.133,0.4492,0.54
marjaryasana_zen_0073,26.934,8.004,177.233,174.525,38.583,43.363,142.455,138.445,171.815,172.409,8.004,26.934,174.525,177.233,171.815,172.409,138.445,142.455,37.321,40.871,142.455,26.934,177.233,37.321,1.848,-1.848,3.606,0.02,2.691,81.591,-0.9995,-0.4787,1.0175,2.4336
marjaryasana_zen_0074,34.102,13.467,171.412,179.478,25.223,48.355,173.307,132.635,172.122,175.261,13.467,34.102,171.412,179.478,172.122,175.261,132.635,173.307,21.315,48.085,132.635,13.467,171.412,21.315,18.854,-18.854,10.48,0.443,1.089,83.255,-0.9463,-0.0174,0.7804,2.1042
marjaryasana_zen_0075,29.2,60.409,162.398,169.567,60.59,76.213,118.133,83.232,173.253,173.676,29.2,60.409,162.398,169.567,173.253,173.676,83.232,118.133,69.218,81.74,118.133,29.2,162.398,69.218,75.645,-75.645,19.28,17.133,17.957,68.648,-0.2479,-0.0636,0.5637,0.8144
marjaryasana_zen_0076,59.225,75.168,165.709,170.253,75.965,79.087,110.259,97.451,179.098,172.491,59.225,75.168,165.709,170.253,172.491,179.098,97.451,110.259,82.992,84.279,110.259,59.225,165.709,82.992,79.431,-79.431,18.206,54.447,39.45,77.65,-0.1834,-0.0759,0.2677,0.3158
marjaryasana_zen_0077,84.113,94.175,166.563,144.271,76.241,49.428,116.47,114.712,177.132,174.632,84.113,94.175,144.271,166.563,174.632,177.132,114.712,116.47,68.917,82.684,116.47,84.113,166.563,82.684,77.2,-77.2,11.071,63.757,83.186,73.714,-0.2216,-0.0424,0.2987,0.3534
marjaryasana_zen_0078,92.372,98.105,169.95,155.878,71.561,62.793,120.676,116.199,172.273,170.839,92.372,98.105,155.878,169.95,170.839,172.273,116.199,120.676,74.447,75.908,120.676,92.372,169.95,75.908,66.84,-66.84,10.293,38.299,61.564,81.143,-0.3933,-0.0834,0.3244,0.359
marjaryasana_zen_0079,94.257,123.898,168.951,135.929,68.243,33.537,111.72,132.923,175.499,175.245,94.257,123.898,135.929,168.951,175.245,175.499,111.72,132.923,54.968,72.398,111.72,94.257,168.951,72.398,64.204,-64.204,21.196,30.514,45.604,77.355,-0.4352,-0.1096,0.3955,0.5303
marjaryasana_zen_0080,105.333,144.889,137.548,134.698,62.908,26.13,113.634,148.297,179.673,176.491,105.333,144.889,134.698,137.548,176.491,179.673,113.634,148.297,42.153,59.91,113.634,105.333,137.548,59.91,52.857,-52.857,20.736,31.168,28.005,76.04,-0.6038,-0.1755,0.6691,0.7411
marjaryasana_zen_0081,174.15,156.038,179.349,179.281,4.019,7.483,2.836,22.825,6.077,10.002,156.038,174.15,179.281,179.349,6.077,10.002,2.836,22.825,3.701,7.08,22.825,156.038,179.281,7.08,169.601,169.601,30.876,12.039,6.509,84.257,0.9836,0.4055,0.5912,1.0572
marjaryasana_zen_0082,147.331,118.877,163.306,132.105,40.14,39.364,164.887,132.152,177.432,165.669,118.877,147.331,132.105,163.306,165.669,177.432,132.152,164.887,25.793,34.41,132.152,118.877,163.306,34.41,36.112,36.112,15.707,14.839,15.314,73.272,-0.8079,-0.3356,1.0734,0.8717
marjaryasana_zen_0083,113.784,90.876,152.146,163.248,48.364,64.833,136.264,112.422,173.561,171.093,90.876,113.784,152.146,163.248,171.093,173.561,112.422,136.264,61.308,71.796,112.422,90.876,163.248,71.796,59.189,59.189,12.949,30.003,46.816,78.867,-0.5122,-0.126,0.3871,0.4218
marjaryasana_zen_0084,87.009,79.929,161.38,150.847,65.076,65.181,115.841,113.182,178.587,179.036,79.929,87.009,150.847,161.38,178.587,179.036,113.182,115.841,73.723,78.229,113.182,79.929,150.847,78.229,74.885,74.885,12.294,75.729,84.987,79.554,-0.2607,-0.0832,0.3274,0.3158
marjaryasana_zen_0085,33.586,30.305,178.089,156.279,90.757,73.262,66.008,96.99,167.876,179.83,30.305,33.586,156.279,178.089,167.876,179.83,66.008,96.99,84.97,91.767,96.99,30.305,156.279,84.97,81.952,81.952,17.834,26.776,24.087,55.651,-0.14,-0.0326,0.3207,0.5947
marjaryasana_zen_0086,20.711,11.367,178.697,169.952,47.103,53.082,135.516,144.769,175.701,168.494,11.367,20.711,169.952,178.697,168.494,175.701,135.516,144.769,47.707,48.395,135.516,20.711,178.697,47.707,3.087,3.087,3.669,3.384,3.248,88.343,-0.9985,-0.2011,1.2598,3.1348
marjaryasana_zen_0087,9.077,20.432,156.22,171.925,61.257,81.59,105.404,23.501,172.398,174.132,9.077,20.432,156.22,171.925,172.398,174.132,23.501,105.404,72.357,85.883,105.404,9.077,156.22,72.357,79.992,-79.992,10.729,10.618,11.085,13.515,-0.1738,0.1663,0.4732,1.0907
marjaryasana_zen_0088,69.37,78.893,156.957,153.844,76.272,71.581,105.729,92.408,177.206,178.91,69.37,78.893,153.844,156.957,177.206,178.91,92.408,105.729,84.539,87.5,105.729,69.37,156.957,87.5,86.965,-86.965,15.435,88.359,75.241,73.977,-0.053,0.0139,0.3376,0.3897
marjaryasana_zen_0089,99.445,131.417,169.809,131.645,63.429,18.893,115.3,143.516,173.54,171.233,99.445,131.417,131.645,169.809,171.233,173.54,115.3,143.516,41.022,67.067,115.3,99.445,169.809,67.067,55.713,-55.713,20.548,30.754,46.532,76.695,-0.5633,-0.1395,0.532,0.5854
marjaryasana_zen_0090,179.4,93.587,168.333,174.121,18.764,156.669,44.254,86.035,22.876,172.1,93.587,179.4,168.333,174.121,22.876,172.1,44.254,86.035,10.702,159.328,86.035,93.587,174.121,159.328,161.49,161.49,114.334,60.166,19.846,16.737,0.9483,-0.0537,2.0089,1.3997
marjaryasana_zen_0091,120.121,86.113,141.368,150.301,48.958,61.082,136.477,113.789,173.162,171.231,86.113,120.121,141.368,150.301,171.231,173.162,113.789,136.477,65.013,74.35,113.789,86.113,150.301,74.35,62.055,62.055,5.023,50.604,63.942,75.348,-0.4686,-0.0796,0.4077,0.4358
marjaryasana_zen_0092,50.549,79.003,179.178,152.838,145.763,172.079,21.258,12.41,171.029,169.892,50.549,79.003,152.838,179.178,169.892,171.029,12.41,21.258,145.29,174.143,12.41,50.549,152.838,174.143,162.736,162.736,41.689,3.517,3.412,67.577,0.9549,0.4246,0.7149,1.9886
marjaryasana_zen_0093,25.844,57.895,152.717,166.339,107.336,100.815,43.353,51.973,175.02,178.789,25.844,57.895,152.717,166.339,175.02,178.789,43.353,51.973,108.711,119.46,43.353,25.844,152.717,119.46,116.871,-116.871,15.772,44.54,44.671,71.895,0.452,0.1657,0.2586,0.6404
marjaryasana_zen_0094,110.568,143.246,158.941,137.207,54.898,34.976,122.895,149.82,178.643,175.052,110.568,143.246,137.207,158.941,175.052,178.643,122.895,149.82,53.094,59.929,122.895,110.568,158.941,59.929,53.798,-53.798,16.291,29.609,42.076,72.034,-0.5906,-0.1842,0.5105,0.5971
marjaryasana_zen_0095,154.994,108.648,129.112,150.627,38.162,45.55,167.979,122.666,159.389,177.631,108.648,154.994,129.112,150.627,159.389,177.631,122.666,167.979,49.349,54.021,122.666,108.648,150.627,49.349,40.356,40.356,12.157,29.028,29.073,68.611,-0.762,-0.2299,0.5579,0.661
marjaryasana_zen_0096,51.813,29.886,162.669,143.633,116.796,104.131,78.399,58.505,164.911,171.801,29.886,51.813,143.633,162.669,164.911,171.801,58.505,78.399,107.24,122.309,58.505,29.886,143.633,122.309,101.672,101.672,3.459,43.112,43.461,80.55,0.2023,0.1861,0.2806,0.889
marjaryasana_zen_0097,101.729,165.916,131.527,113.197,179.412,153.355,13.669,32.192,169.553,166.959,101.729,165.916,113.197,131.527,166.959,169.553,13.669,32.192,152.417,166.919,32.192,165.916,131.527,152.417,174.877,174.877,1.201,8.194,8.341,65.638,0.996,0.9081,1.0188,2.3024
marjaryasana_zen_0098,50.447,81.768,132.568,176.598,85.388,108.409,72.817,70.711,179.898,167.24,50.447,81.768,132.568,176.598,167.24,179.898,70.711,72.817,110.075,110.903,72.817,50.447,132.568,110.903,102.692,-102.692,51.138,12.736,10.882,78.027,0.2197,0.6809,0.5961,1.1375
marjaryasana_zen_0099,73.592,85.011,166.995,170.347,109.04,91.499,82.942,85.75,162.603,171.478,73.592,85.011,166.995,170.347,162.603,171.478,82.942,85.75,96.611,115.569,82.942,73.592,166.995,115.569,93.118,-93.118,49.365,74.979,67.774,83.838,0.0544,0.2631,0.3071,0.4265
marjaryasana_zen_0100,63.387,57.987,162.116,158.712,131.913,22.334,67.078,54.624,153.175,106.947,57.987,63.387,158.712,162.116,106.947,153.175,54.624,67.078,32.737,134.714,67.078,63.387,162.116,134.714,106.893,-106.893,73.934,79.213,79.941,70.413,0.2906,0.2365,0.2514,0.276
marjaryasana_zen_0101,93.495,64.371,134.106,25.435,111.592,53.97,92.903,65.918,135.728,122.567,64.371,93.495,25.435,134.106,122.567,135.728,65.918,92.903,81.016,109.549,92.903,93.495,134.106,81.016,43.431,-43.431,4.247,85.143,82.242,28.033,-0.7262,0.0274,0.5204,0.7612
marjaryasana_zen_0102,65.517,58.428,98.748,86.751,106.003,114.254,51.934,53.38,139.215,134.218,58.428,65.517,86.751,98.748,134.218,139.215,51.934,53.38,147.478,158.285,53.38,58.428,86.751,158.285,109.815,109.815,40.131,89.314,47.082,68.627,0.339,0.2704,0.2322,0.2566
marjaryasana_zen_0103,59.675,15.726,153.489,113.854,172.92,138.432,11.059,5.042,166.158,174.207,15.726,59.675,113.854,153.489,166.158,174.207,5.042,11.059,160.245,170.105,5.042,15.726,153.489,160.245,161.267,161.267,5.076,14.172,9.163,67.461,0.947,0.6343,0.6196,1.1899
marjaryasana_zen_0104,57.843,51.321,87.843,129.929,116.648,117.88,59.975,47.225,135.24,140.898,51.321,57.843,87.843,129.929,135.24,140.898,47.225,59.975,146.577,159.823,59.975,57.843,87.843,159.823,111.383,-111.383,1.563,72.959,61.523,64.701,0.3646,0.1659,0.3638,0.3837
marjaryasana_zen_0105,177.922,174.411,93.349,29.21,91.154,80.281,5.309,0.124,47.476,88.173,174.411,177.922,29.21,93.349,47.476,88.173,0.124,5.309,54.269,87.063,0.124,174.411,93.349,54.269,176.099,-176.099,10.21,1.142,3.964,88.517,0.9977,0.6357,0.8355,0.9843
marjaryasana_zen_0106,59.818,49.584,123.558,82.567,111.65,115.242,67.587,58.991,139.946,129.578,49.584,59.818,82.567,123.558,129.578,139.946,58.991,67.587,143.191,167.609,58.991,49.584,82.567,167.609,110.498,110.498,6.107,76.004,58.857,80.724,0.3502,0.1938,0.2042,0.4764
marjaryasana_zen_0107,144.891,128.974,112.099,171.488,150.16,160.148,0.722,11.626,159.111,167.378,128.974,144.891,112.099,171.488,159.111,167.378,0.722,11.626,164.541,172.131,0.722,144.891,112.099,172.131,159.475,-159.475,11.165,19.002,16.834,73.546,0.9365,0.288,0.1526,0.6315
marjaryasana_zen_0108,129.973,121.851,120.486,130.079,8.393,8.916,132.718,136.294,155.687,172.172,121.851,129.973,120.486,130.079,155.687,172.172,132.718,136.294,5.197,9.853,132.718,129.973,120.486,9.853,6.036,-6.036,3.631,1.424,1.868,48.925,-0.9945,-0.1016,0.8025,0.8982
marjaryasana_zen_0109,0.34,20.271,165.425,162.581,53.545,54.348,117.587,140.088,172.873,171.036,0.34,20.271,162.581,165.425,171.036,172.873,117.587,140.088,45.824,46.464,117.587,0.34,165.425,46.464,0.074,0.074,3.437,2.202,1.178,66.924,-1.0,-0.2572,1.1735,2.9949
marjaryasana_zen_0110,22.97,69.362,134.561,173.338,61.517,85.83,110.822,93.656,176.531,173.52,22.97,69.362,134.561,173.338,173.52,176.531,93.656,110.822,82.806,89.453,110.822,22.97,134.561,82.806,84.279,-84.279,20.014,9.391,5.397,72.903,-0.0997,0.0374,0.2757,0.8254
marjaryasana_zen_0111,69.852,80.056,147.966,155.774,70.09,68.565,98.897,93.544,179.68,177.218,69.852,80.056,147.966,155.774,177.218,179.68,93.544,98.897,78.944,85.365,98.897,69.852,147.966,85.365,83.469,-83.469,16.274,79.898,73.74,85.27,-0.1137,-0.0142,0.2391,0.2593
marjaryasana_zen_0112,82.236,116.01,47.996,91.531,91.449,55.951,83.976,98.72,158.448,169.788,82.236,116.01,47.996,91.531,158.448,169.788,83.976,98.72,99.691,114.694,83.976,82.236,47.996,114.694,91.37,-91.37,36.476,52.742,54.278,81.8,0.0239,-0.0076,0.3445,0.4905
marjaryasana_zen_0113,152.637,92.904,140.71,155.873,60.304,4.282,132.325,107.385,157.812,127.224,92.904,152.637,140.71,155.873,127.224,157.812,107.385,132.325,15.531,73.735,107.385,92.904,140.71,73.735,44.507,44.507,7.831,15.535,23.84,54.63,-0.7132,-0.027,0.9914,0.4103
marjaryasana_zen_0114,44.973,34.572,171.993,115.459,105.427,94.304,66.561,75.412,152.496,148.139,34.572,44.973,115.459,171.993,148.139,152.496,66.561,75.412,109.223,122.491,75.412,34.572,115.459,122.491,86.211,86.211,19.189,79.983,67.263,58.28,-0.0661,-0.0508,0.175,0.3837
marjaryasana_zen_0115,12.649,95.587,162.001,137.289,75.77,15.303,19.17,159.084,37.84,41.464,12.649,95.587,137.289,162.001,37.84,41.464,19.17,159.084,10.236,66.54,159.084,95.587,162.001,66.54,92.984,-92.984,178.051,49.182,53.03,33.55,0.0521,-0.1859,1.4292,2.3493
marjaryasana_zen_0116,59.641,100.205,145.698,156.806,78.978,80.389,112.291,110.316,165.35,167.188,59.641,100.205,145.698,156.806,165.35,167.188,110.316,112.291,91.398,95.867,112.291,59.641,145.698,95.867,79.987,-79.987,14.934,67.557,88.294,76.493,-0.1739,-0.0355,0.1187,0.3351
marjaryasana_zen_0117,119.174,151.211,174.631,179.677,7.871,8.058,149.254,156.574,153.658,178.671,119.174,151.211,174.631,179.677,153.658,178.671,149.254,156.574,8.126,9.622,149.254,119.174,174.631,9.622,11.925,-11.925,23.86,8.998,14.909,59.777,-0.9784,-0.1791,0.5857,0.7428
marjaryasana_zen_0118,47.717,2.055,162.704,137.007,148.942,156.297,9.568,13.926,168.672,158.994,2.055,47.717,137.007,162.704,158.994,168.672,9.568,13.926,139.499,175.798,13.926,2.055,137.007,175.798,139.754,139.754,8.015,22.833,33.907,47.739,0.7633,0.3306,0.4018,1.1248
marjaryasana_zen_0119,36.348,82.246,131.688,178.734,102.359,112.401,80.528,80.507,165.668,163.397,36.348,82.246,131.688,178.734,163.397,165.668,80.507,80.528,113.003,120.106,80.528,36.348,131.688,120.106,101.169,-101.169,22.957,75.016,66.846,83.698,0.1937,0.0034,0.1222,0.4808
marjaryasana_zen_0120,119.037,76.555,135.927,69.415,39.397,49.786,143.176,115.363,163.371,169.221,76.555,119.037,69.415,135.927,163.371,169.221,115.363,143.176,57.049,64.203,115.363,76.555,69.415,64.203,47.079,47.079,13.99,35.598,36.012,78.787,-0.681,-0.187,0.1747,0.5357
marjaryasana_zen_0121,114.061,92.511,149.383,153.499,179.139,177.882,17.392,20.294,168.508,170.42,92.511,114.061,149.383,153.499,168.508,170.42,17.392,20.294,164.431,165.137,20.294,92.511,149.383,165.137,178.538,178.538,2.417,1.237,5.854,81.036,0.9997,0.7318,0.6687,1.8653
marjaryasana_zen_0122,52.862,52.4,139.979,140.016,107.704,86.868,64.686,34.839,160.3,168.398,52.4,52.862,139.979,140.016,160.3,168.398,34.839,64.686,107.516,127.578,64.686,52.862,139.979,127.578,101.922,-101.922,60.778,64.463,54.112,40.752,0.2066,0.2555,0.7499,0.5187
marjaryasana_zen_0123,74.21,78.607,144.432,150.905,94.666,21.607,77.169,75.456,169.24,124.291,74.21,78.607,144.432,150.905,124.291,169.24,75.456,77.169,33.676,106.797,77.169,74.21,144.432,106.797,93.023,-93.023,60.544,35.727,37.079,74.842,0.0527,0.253,0.137,0.4064
marjaryasana_zen_0125,75.58,80.773,163.958,64.153,58.769,108.874,83.285,84.31,164.356,159.795,75.58,80.773,64.153,163.958,159.795,164.356,83.285,84.31,53.121,96.38,84.31,80.773,64.153,96.38,72.897,72.897,88.618,20.771,30.384,62.051,-0.2941,0.2946,0.1035,0.502
marjaryasana_zen_0126,30.816,23.21,168.992,120.744,105.352,101.231,43.485,54.514,156.192,149.446,23.21,30.816,120.744,168.992,149.446,156.192,43.485,54.514,111.398,132.833,54.514,23.21,120.744,132.833,94.605,94.605,57.857,52.159,39.145,41.074,0.0803,0.2874,0.2744,0.5469
marjaryasana_zen_0127,74.428,62.496,158.938,169.884,177.808,164.3,8.196,17.085,172.065,174.349,62.496,74.428,158.938,169.884,172.065,174.349,8.196,17.085,159.177,171.481,8.196,74.428,158.938,171.481,175.21,-175.21,2.24,3.088,0.274,80.611,0.9965,0.6812,0.7369,1.5665
marjaryasana_zen_0128,62.006,66.078,137.947,135.706,97.704,74.376,78.377,69.705,158.372,172.318,62.006,66.078,135.706,137.947,158.372,172.318,69.705,78.377,97.771,116.417,78.377,62.006,137.947,116.417,92.452,-92.452,89.284,88.945,89.719,69.794,0.0428,0.2422,0.2609,0.3034
marjaryasana_zen_0130,28.805,16.117,165.862,162.906,109.093,121.467,33.357,46.045,169.15,171.923,16.117,28.805,162.906,165.862,169.15,171.923,33.357,46.045,115.34,129.276,46.045,16.117,162.906,129.276,112.117,112.117,19.939,42.712,48.489,47.846,0.3765,0.2672,0.2064,0.693
marjaryasana_zen_0131,23.081,45.925,155.974,162.868,124.981,118.902,39.161,31.323,174.495,168.087,23.081,45.925,155.974,162.868,168.087,174.495,31.323,39.161,126.793,136.274,39.161,23.081,155.974,136.274,122.751,-122.751,30.635,46.848,41.874,56.203,0.541,0.2098,0.3305,0.6432
marjaryasana_zen_0132,112.756,89.208,169.8,155.204,32.481,59.192,127.531,115.784,175.609,165.028,89.208,112.756,155.204,169.8,165.028,175.609,115.784,127.531,36.226,66.981,115.784,89.208,155.204,66.981,46.563,46.563,79.533,27.43,30.367,77.793,-0.6876,0.1933,0.1764,0.5725
marjaryasana_zen_0134,65.609,81.464,130.802,174.74,73.854,94.74,91.426,93.415,177.564,172.969,65.609,81.464,130.802,174.74,172.969,177.564,91.426,93.415,97.16,97.502,91.426,65.609,130.802,97.16,92.557,-92.557,14.587,49.554,45.999,83.849,0.0446,0.0798,0.2343,0.3357
marjaryasana_zen_0135,78.523,83.443,166.744,139.907,101.356,46.919,97.791,99.159,160.015,174.275,78.523,83.443,139.907,166.744,160.015,174.275,97.791,99.159,66.012,96.064,97.791,78.523,166.744,96.064,73.966,-73.966,31.404,32.164,29.704,80.896,-0.2762,0.1596,0.3032,0.3374
marjaryasana_zen_0136,89.33,83.921,70.429,20.532,123.876,127.491,92.769,78.688,159.698,133.801,83.921,89.33,20.532,70.429,133.801,159.698,78.688,92.769,90.101,131.889,78.688,83.921,20.532,131.889,77.53,77.53,120.686,55.427,30.944,72.569,-0.2159,0.3424,0.2601,0.5797
marjaryasana_zen_0137,108.005,71.292,83.946,58.735,67.318,83.414,100.553,84.838,155.774,149.267,71.292,108.005,58.735,83.946,149.267,155.774,84.838,100.553,108.183,125.829,84.838,71.292,58.735,125.829,89.802,89.802,10.832,73.316,81.409,85.49,-0.0035,-0.0029,0.1936,0.4988
marjaryasana_zen_0138,70.926,9.832,178.206,121.396,133.904,132.597,45.18,24.916,166.579,165.87,9.832,70.926,121.396,178.206,165.87,166.579,24.916,45.18,133.006,160.701,24.916,9.832,121.396,160.701,129.818,129.818,4.638,10.268,18.695,74.765,0.6404,0.5012,0.3977,1.303
marjaryasana_zen_0139,5.109,41.662,159.008,175.669,104.101,107.099,99.865,61.938,169.661,169.185,5.109,41.662,159.008,175.669,169.185,169.661,61.938,99.865,109.533,112.65,99.865,5.109,159.008,112.65,100.468,-100.468,21.37,36.946,36.128,67.824,0.1817,0.0927,0.0168,0.3568
marjaryasana_zen_0140,89.966,115.37,176.777,131.472,82.078,55.378,113.642,129.91,168.659,164.983,89.966,115.37,131.472,176.777,164.983,168.659,113.642,129.91,78.077,80.945,113.642,89.966,176.777,80.945,66.681,-66.681,17.525,29.738,50.182,77.029,-0.3958,-0.0524,0.3468,0.4951
marjaryasana_zen_0141,153.933,97.4,144.129,173.282,45.389,43.72,164.58,115.624,166.389,164.938,97.4,153.933,144.129,173.282,164.938,166.389,115.624,164.58,42.976,59.502,115.624,97.4,173.282,42.976,52.206,52.206,11.214,35.444,37.48,59.53,-0.6128,-0.1555,0.5687,0.6632
marjaryasana_zen_0142,73.681,67.613,171.231,172.738,152.496,166.261,13.675,8.364,172.506,178.223,67.613,73.681,171.231,172.738,172.506,178.223,8.364,13.675,147.684,162.479,8.364,67.613,171.231,147.684,175.146,175.146,122.042,2.0,1.793,78.853,0.9964,0.2764,0.5859,1.5689
marjaryasana_zen_0143,79.059,87.458,148.761,155.462,85.673,82.559,111.092,100.292,172.063,166.866,79.059,87.458,148.761,155.462,166.866,172.063,100.292,111.092,96.775,97.412,111.092,79.059,148.761,97.412,86.728,-86.728,13.441,76.53,86.568,69.433,-0.0571,-0.0161,0.2828,0.4397
marjaryasana_zen_0144,163.653,102.666,116.637,45.389,43.875,22.093,167.497,118.076,160.028,153.29,102.666,163.653,45.389,116.637,153.29,160.028,118.076,167.497,32.734,67.961,118.076,102.666,45.389,32.734,53.888,53.888,10.935,41.646,44.301,54.515,-0.5894,-0.1662,0.4288,0.5637
